nct_id,acronym,brief_title,is_anchor,anchor_label,overall_status,phases,study_type,enrollment,lead_sponsor,sponsor_class,elig_chars,elig_inclusion,elig_exclusion,min_age,sex,n_locations,n_officials,official_names,has_protocol,protocol_url,has_results,conditions,intervention_types,n_interventions,hr_pos,her2_neg,early_adjuvant,metastatic,in_scope,setting,quality_score,bucket
NCT01101438,,A Phase III Randomized Trial of Metformin vs Placebo in Early Stage Breast Cancer,False,,COMPLETED,PHASE3,INTERVENTIONAL,3649,Canadian Cancer Trials Group,NETWORK,9764,0,0,18 Years,ALL,344,1,"Pamela J. Goodwin, MD",True,https://cdn.clinicaltrials.gov/large-docs/38/NCT01101438/Prot_000.pdf,True,Breast Cancer,DRUG|OTHER,2,False,True,False,False,False,unspecified,10.0,other
NCT01272037,,"Tamoxifen Citrate, Letrozole, Anastrozole, or Exemestane With or Without Chemotherapy in Treating Patients With Invasive RxPONDER Breast Cancer",False,,ACTIVE_NOT_RECRUITING,PHASE3,INTERVENTIONAL,5018,National Cancer Institute (NCI),NIH,10212,31,4,18 Years,FEMALE,1569,1,Kevin M Kalinsky,True,https://cdn.clinicaltrials.gov/large-docs/37/NCT01272037/Prot_SAP_000.pdf,True,Breast Ductal Carcinoma In Situ|Invasive Breast Carcinoma|Multicentric Breast Carcinoma|Multifocal Breast Carcinoma|Synchronous Bilateral Breast Carcinoma,DRUG|OTHER,7,False,True,True,False,False,early_adjuvant,10.0,other
NCT01674140,e3,S1207 Hormone Therapy With or Without Everolimus in Treating Patients With Breast Cancer,False,,ACTIVE_NOT_RECRUITING,PHASE3,INTERVENTIONAL,1939,SWOG Cancer Research Network,NETWORK,8636,0,0,18 Years,ALL,1459,1,"Mariana Chavez-MacGregor, MD, MSc",True,https://cdn.clinicaltrials.gov/large-docs/40/NCT01674140/Prot_SAP_ICF_000.pdf,True,Breast Cancer,DRUG|OTHER,8,False,False,True,False,False,early_adjuvant,10.0,other
NCT02437318,SOLAR-1,Study Assessing the Efficacy and Safety of Alpelisib Plus Fulvestrant in Men and Postmenopausal Women With Advanced Breast Cancer Which Progressed on or After Aromatase Inhibitor Treatment.,False,,COMPLETED,PHASE3,INTERVENTIONAL,572,Novartis Pharmaceuticals,INDUSTRY,2683,10,10,18 Years,ALL,197,1,Novartis Pharmaceuticals,True,https://cdn.clinicaltrials.gov/large-docs/18/NCT02437318/Prot_002.pdf,True,Breast Cancer,DRUG,3,True,True,True,True,True,mixed,10.0,gold
NCT02513394,PALLAS,PALbociclib CoLlaborative Adjuvant Study,True,PALLAS,ACTIVE_NOT_RECRUITING,PHASE3,INTERVENTIONAL,5796,"Alliance Foundation Trials, LLC.",OTHER,3436,20,13,18 Years,ALL,437,4,"Evanthia Galanis, MD|Erica Mayer, MD|Angela DeMichele, MD|Michael Gnant, MD",True,https://cdn.clinicaltrials.gov/large-docs/94/NCT02513394/Prot_SAP_000.pdf,True,Breast Cancer,DRUG,2,True,True,True,False,True,early_adjuvant,10.0,gold
NCT04191499,INAVO120,"A Study Evaluating the Efficacy and Safety of Inavolisib + Palbociclib + Fulvestrant vs Placebo + Palbociclib + Fulvestrant in Participants With PIK3CA-Mutant, Hormone Receptor-Positive, HER2-Negative, Locally Advanced or Metastatic Breast Cancer",False,,ACTIVE_NOT_RECRUITING,PHASE2|PHASE3,INTERVENTIONAL,325,Hoffmann-La Roche,INDUSTRY,2808,10,16,18 Years,ALL,135,1,Clinical Trials,True,https://cdn.clinicaltrials.gov/large-docs/99/NCT04191499/Prot_000.pdf,True,Breast Cancer,DRUG,4,True,True,True,True,True,mixed,10.0,gold
NCT01401959,,Trial of Eribulin in Patients Who Do Not Achieve Pathologic Complete Response (pCR) Following Neoadjuvant Chemotherapy,False,,COMPLETED,PHASE2,INTERVENTIONAL,127,"SCRI Development Innovations, LLC",OTHER,5233,6,6,18 Years,FEMALE,18,1,"Denise A Yardley, M.D.",True,https://cdn.clinicaltrials.gov/large-docs/59/NCT01401959/Prot_000.pdf,True,Metastatic Breast Cancer,DRUG,2,False,True,True,True,False,mixed,9.5,broad
NCT02040857,,"Palbociclib in Combination With Adjuvant Endocrine Therapy for Hormone Receptor Positive, HER2 Negative Invasive Breast Cancer",False,,COMPLETED,PHASE2,INTERVENTIONAL,162,Dana-Farber Cancer Institute,OTHER,3275,13,10,18 Years,ALL,10,1,"Erica Mayer, MD, MPH",True,https://cdn.clinicaltrials.gov/large-docs/57/NCT02040857/Prot_SAP_000.pdf,True,Breast Cancer,DRUG,2,True,True,True,False,True,early_adjuvant,9.5,gold
NCT02273973,,A Study of Neoadjuvant Letrozole + Taselisib Versus Letrozole + Placebo in Post-Menopausal Women With Breast Cancer (LORELEI),False,,COMPLETED,PHASE2,INTERVENTIONAL,334,"Genentech, Inc.",INDUSTRY,3506,11,20,18 Years,FEMALE,117,1,Clinical Trials,True,https://cdn.clinicaltrials.gov/large-docs/73/NCT02273973/Prot_000.pdf,True,Breast Cancer,DRUG|OTHER,3,True,True,True,False,True,early_adjuvant,9.5,gold
NCT02536742,PYTHIA,Palbociclib in Molecularly Characterized ER-positive/HER2-negative Metastatic Breast Cancer,False,,COMPLETED,PHASE2,INTERVENTIONAL,124,ETOP IBCSG Partners Foundation,NETWORK,4214,28,15,18 Years,FEMALE,19,1,"Luca Malorni, MD PhD",True,https://cdn.clinicaltrials.gov/large-docs/42/NCT02536742/Prot_000.pdf,True,Metastatic Breast Cancer,DRUG,2,True,True,True,True,True,mixed,9.5,gold
NCT04293393,CARABELA,Neoadjuvant Study Chemotherapy vs Letrozole + Abemaciclib in HR+/HER2- High/Intermediate Risk Breast Cancer Patients,False,,ACTIVE_NOT_RECRUITING,PHASE2,INTERVENTIONAL,200,Spanish Breast Cancer Research Group,OTHER,7200,21,1,18 Years,FEMALE,28,3,Study Director|Study Director|Study Director,True,https://cdn.clinicaltrials.gov/large-docs/93/NCT04293393/Prot_000.pdf,True,Early Breast Cancer,DRUG,6,True,True,True,False,True,early_adjuvant,9.5,gold
NCT04436744,,"A Study to Evaluate the Efficacy, Safety, and Pharmacokinetics of Giredestrant Plus Palbociclib Compared With Anastrozole Plus Palbociclib for Postmenopausal Women With Estrogen Receptor-Positive and HER2-Negative Untreated Early Breast Cancer (coopERA Breast Cancer)",False,,COMPLETED,PHASE2,INTERVENTIONAL,221,Hoffmann-La Roche,INDUSTRY,3073,10,19,18 Years,FEMALE,65,1,Clinical Trials,True,https://cdn.clinicaltrials.gov/large-docs/44/NCT04436744/Prot_SAP_001.pdf,True,Early Breast Cancer,DRUG|PROCEDURE,4,False,True,True,False,False,early_adjuvant,9.5,other
NCT04588298,SERENA-3,"A Study to Investigate the Biological Effects of AZD9833 in Women With ER-positive, HER2 Negative Primary Breast Cancer",False,,COMPLETED,PHASE2,INTERVENTIONAL,135,AstraZeneca,INDUSTRY,3261,8,10,18 Years,FEMALE,12,1,John Robertson,True,https://cdn.clinicaltrials.gov/large-docs/98/NCT04588298/Prot_000.pdf,True,HER2-negative Breast Cancer,DRUG,1,True,True,False,False,False,unspecified,9.5,other
NCT00618657,,"Carboplatin+Nab-paclitaxel, Plus Trastuzumab (HER2+) or Bevacizumab (HER2-) in the Neoadjuvant Setting",False,,COMPLETED,PHASE2,INTERVENTIONAL,127,"University of California, Irvine",OTHER,1716,0,0,21 Years,FEMALE,1,1,"Rita Mehta, M.D.",True,https://cdn.clinicaltrials.gov/large-docs/57/NCT00618657/Prot_SAP_000.pdf,True,Breast Cancer|HER2-negative Breast Cancer|HER2-positive Breast Cancer|Recurrent Breast Cancer|Stage IA Breast Cancer|Stage IB Breast Cancer|Stage II Breast Cancer|Stage IIIA Breast Cancer|Stage IIIB Breast Cancer|Stage IIIC Breast Cancer,DRUG|PROCEDURE,6,False,True,True,False,False,early_adjuvant,9.0,other
NCT04915755,ZEST,Efficacy and Safety Comparison of Niraparib to Placebo in Participants With Human Epidermal Growth Factor 2 Negative (HER2-) Breast Cancer Susceptibility Gene Mutation (BRCAmut) or Triple-Negative Breast Cancer (TNBC) With Molecular Disease,False,,ACTIVE_NOT_RECRUITING,PHASE3,INTERVENTIONAL,40,GlaxoSmithKline,INDUSTRY,2765,7,11,18 Years,ALL,198,1,GSK Clinical Trials,True,https://cdn.clinicaltrials.gov/large-docs/55/NCT04915755/Prot_000.pdf,True,"Neoplasms, Breast",DRUG,2,True,True,True,False,True,early_adjuvant,9.0,gold
NCT02712723,FELINE,"Letrozole Plus Ribociclib or Placebo as Neo-adjuvant Therapy in ER-positive, HER2-negative Early Breast Cancer",False,,ACTIVE_NOT_RECRUITING,PHASE2,INTERVENTIONAL,121,Qamar Khan,OTHER,1245,7,9,18 Years,FEMALE,13,1,"Qamar Khan, MD",True,https://cdn.clinicaltrials.gov/large-docs/23/NCT02712723/Prot_SAP_000.pdf,True,Breast Cancer,DRUG,3,True,True,True,False,True,early_adjuvant,8.5,gold
NCT03078751,EarLEE-1,Adjuvant Ribociclib With Endocrine Therapy in Hormone Receptor+/HER2- High Risk Early Breast Cancer,False,,COMPLETED,PHASE2,INTERVENTIONAL,54,Novartis Pharmaceuticals,INDUSTRY,3211,11,10,18 Years,ALL,33,1,Novartis Pharmaceuticals,True,https://cdn.clinicaltrials.gov/large-docs/51/NCT03078751/Prot_001.pdf,True,Breast Cancer,DRUG,3,False,True,True,False,False,early_adjuvant,8.5,other
NCT06001762,,TRADE: Dose Escalation Tolerability of Abemaciclib in HR+ HER2- Early Stage Breast Cancer,False,,ACTIVE_NOT_RECRUITING,PHASE2,INTERVENTIONAL,90,Dana-Farber Cancer Institute,OTHER,7171,24,21,18 Years,FEMALE,12,1,"Erica Mayer, MD, MPH",True,https://cdn.clinicaltrials.gov/large-docs/62/NCT06001762/Prot_SAP_000.pdf,True,Breast Cancer|Early-stage Breast Cancer|High Risk Breast Carcinoma,DRUG,6,True,True,True,False,True,early_adjuvant,8.5,gold
NCT01723774,,PD 0332991 and Anastrozole for Stage 2 or 3 Estrogen Receptor Positive and HER2 Negative Breast Cancer,False,,ACTIVE_NOT_RECRUITING,PHASE2,INTERVENTIONAL,84,Washington University School of Medicine,OTHER,14382,13,102,18 Years,FEMALE,4,1,"Cynthia X Ma, M.D., Ph.D.",True,https://cdn.clinicaltrials.gov/large-docs/74/NCT01723774/Prot_SAP_001.pdf,True,Breast Neoplasms,DRUG|PROCEDURE,5,True,True,True,False,True,early_adjuvant,8.0,gold
NCT02957968,,Neoadjuvant Pembrolizumab + Decitabine Followed by Std Neoadj Chemo for Locally Advanced HER2- Breast Ca,False,,ACTIVE_NOT_RECRUITING,PHASE2,INTERVENTIONAL,46,Virginia Commonwealth University,OTHER,8275,39,32,18 Years,ALL,4,1,"Harry D. Bear, M.D., Ph.D.",True,https://cdn.clinicaltrials.gov/large-docs/68/NCT02957968/Prot_SAP_002.pdf,True,Breast Adenocarcinoma|Estrogen Receptor- Negative Breast Cancer|Estrogen Receptor-positive Breast Cancer|HER2/Neu Negative|Invasive Breast Carcinoma|Progesterone Receptor Negative|Progesterone Receptor Positive Tumor|Stage II Breast Cancer|Stage IIA Breast Cancer|Stage IIB Breast Cancer|Stage IIIA Breast Cancer|Stage IIIB Breast Cancer|Triple-negative Breast Carcinoma,DRUG,6,False,True,True,False,False,early_adjuvant,8.0,other
NCT03213041,,Pembrolizumab and Carboplatin in Treating Patients With Circulating Tumor Cells Positive Metastatic Breast Cancer,False,,COMPLETED,PHASE2,INTERVENTIONAL,12,Northwestern University,OTHER,8047,27,22,18 Years,ALL,1,1,"Massimo Cristofanilli, MD",True,https://cdn.clinicaltrials.gov/large-docs/41/NCT03213041/Prot_SAP_000.pdf,True,Estrogen Receptor Negative|Estrogen Receptor Positive|HER2/Neu Negative|Progesterone Receptor Negative|Recurrent Breast Carcinoma|Stage IV Breast Cancer|Triple-Negative Breast Carcinoma,BIOLOGICAL|DRUG|OTHER,3,True,True,True,True,True,mixed,8.0,gold
NCT03366844,,Breast Cancer Study of Preoperative Pembrolizumab + Radiation,False,,ACTIVE_NOT_RECRUITING,PHASE1|PHASE2,INTERVENTIONAL,66,Stephen Shiao,OTHER,7068,19,23,18 Years,FEMALE,1,1,"Stephen Shiao, MD, PHD",True,https://cdn.clinicaltrials.gov/large-docs/44/NCT03366844/Prot_SAP_002.pdf,True,Breast Cancer,DRUG|RADIATION,2,True,True,True,False,True,early_adjuvant,8.0,gold
NCT03747042,,Letrozole in Post-Menopausal Patients With Operable Hormone-Sensitive Breast Cancer,False,,COMPLETED,PHASE2,INTERVENTIONAL,61,University of Texas Southwestern Medical Center,OTHER,3258,0,12,18 Years,FEMALE,1,1,"Nisha Unni, MD",True,https://cdn.clinicaltrials.gov/large-docs/42/NCT03747042/Prot_SAP_000.pdf,True,Breast Cancer Female,DRUG,1,True,True,True,False,True,early_adjuvant,8.0,gold
NCT03774472,,"Hydroxychloroquine, Palbociclib, and Letrozole Before Surgery in Treating Patients With Estrogen Receptor Positive, HER2 Negative Breast Cancer",False,,COMPLETED,PHASE1|PHASE2,INTERVENTIONAL,15,M.D. Anderson Cancer Center,OTHER,3092,16,11,18 Years,FEMALE,1,1,Debasish Tripathy,True,https://cdn.clinicaltrials.gov/large-docs/72/NCT03774472/Prot_SAP_000.pdf,True,Anatomic Stage I Breast Cancer AJCC v8|Anatomic Stage IA Breast Cancer AJCC v8|Anatomic Stage IB Breast Cancer AJCC v8|Anatomic Stage II Breast Cancer AJCC v8|Anatomic Stage IIA Breast Cancer AJCC v8|Anatomic Stage IIB Breast Cancer AJCC v8|Anatomic Stage III Breast Cancer AJCC v8|Anatomic Stage IIIA Breast Cancer AJCC v8|Anatomic Stage IIIB Breast Cancer AJCC v8|Anatomic Stage IIIC Breast Cancer AJCC v8|Anatomic Stage IV Breast Cancer AJCC v8|Prognostic Stage I Breast Cancer AJCC v8|Prognostic Stage IA Breast Cancer AJCC v8|Prognostic Stage IB Breast Cancer AJCC v8|Prognostic Stage IIA Breast Cancer AJCC v8|Prognostic Stage IIB Breast Cancer AJCC v8|Prognostic Stage III Breast Cancer AJCC v8|Prognostic Stage IIIA Breast Cancer AJCC v8|Prognostic Stage IIIB Breast Cancer AJCC v8|Prognostic Stage IIIC Breast Cancer AJCC v8|Prognostic Stage IV Breast Cancer AJCC v8,DRUG,3,True,True,True,True,True,mixed,8.0,gold
NCT03916744,,"A Study of Giredestrant (GDC-9545) in Postmenopausal Women With Stage I-III Operable, Estrogen Receptor-Positive Breast Cancer",False,,COMPLETED,PHASE1,INTERVENTIONAL,75,"Genentech, Inc.",INDUSTRY,3737,8,24,18 Years,FEMALE,15,1,Clinical Trials,True,https://cdn.clinicaltrials.gov/large-docs/44/NCT03916744/Prot_SAP_000.pdf,True,Breast Cancer,DRUG|PROCEDURE,2,True,True,True,False,True,early_adjuvant,8.0,other
NCT04251169,TATEN,Pembrolizumab + Paclitaxel in HR+/HER2- Non-luminal (by PAM50) Advanced Breast Cancer After CDK4/6 Inhibitor Progression,False,,TERMINATED,PHASE2,INTERVENTIONAL,20,SOLTI Breast Cancer Research Group,OTHER,9520,6,12,18 Years,ALL,7,2,"Aleix Prat, MD, PhD|Eva Ciruelos, MD, PhD",True,https://cdn.clinicaltrials.gov/large-docs/69/NCT04251169/Prot_000.pdf,True,Metastatic Breast Cancer,DRUG,2,True,True,True,True,True,mixed,8.0,gold
NCT03197389,,Effect of Pembrolizumab (Keytruda®) on Biomarkers in Early Breast Cancer.,False,,COMPLETED,EARLY_PHASE1,INTERVENTIONAL,54,Universitaire Ziekenhuizen KU Leuven,OTHER,5917,3,10,18 Years,ALL,1,1,"Ann Smeets, Prof. Dr.",True,https://cdn.clinicaltrials.gov/large-docs/89/NCT03197389/Prot_SAP_000.pdf,True,Breast Cancer|Triple Negative Breast Cancer|Hormone Receptor Negative Neoplasm,DRUG,1,True,True,True,False,True,early_adjuvant,7.5,other
NCT00070564,,"S0221 Adjuvant Doxorubicin, Cyclophosphamide, and Paclitaxel in Treating Patients With Breast Cancer",False,,ACTIVE_NOT_RECRUITING,PHASE3,INTERVENTIONAL,3294,SWOG Cancer Research Network,NETWORK,3559,0,0,18 Years,ALL,542,2,"George Thomas Budd, MD|Halle C Moore, MD",False,,True,Breast Cancer,BIOLOGICAL|DRUG,5,True,False,True,False,False,early_adjuvant,7.0,other
NCT00073528,,Study Comparing Lapatinib (GW572016) And Letrozole Versus Letrozole In Subjects With Advanced Or Metastatic Breast Cancer,False,,COMPLETED,PHASE3,INTERVENTIONAL,1286,Novartis Pharmaceuticals,INDUSTRY,2146,2,0,18 Years,FEMALE,278,1,Novartis Pharmaceuticals,False,,True,Breast Neoplasms,DRUG,3,True,False,False,True,False,metastatic,7.0,broad
NCT00129935,,EC Followed Docetaxel Versus ET Followed Capecitabine as Adjuvant Chemotherapy for Node Positive Operable Breast Cancer,False,,COMPLETED,PHASE3,INTERVENTIONAL,1384,Spanish Breast Cancer Research Group,OTHER,4716,17,20,18 Years,FEMALE,58,1,Study Director,False,,True,Breast Cancer,DRUG,4,True,True,True,False,True,early_adjuvant,7.0,broad
NCT04060862,IPATunity150,A Study of Ipatasertib Plus Palbociclib and Fulvestrant Versus Placebo Plus Palbociclib and Fulvestrant in Hormone Receptor Positive and HER2 Negative Locally Advanced Unresectable or Metastatic Breast Cancer,False,,TERMINATED,PHASE1,INTERVENTIONAL,20,Hoffmann-La Roche,INDUSTRY,1520,6,8,18 Years,ALL,20,0,,True,https://cdn.clinicaltrials.gov/large-docs/62/NCT04060862/Prot_SAP_000.pdf,True,Breast Cancer,DRUG,4,True,True,True,True,True,mixed,7.0,other
NCT04647487,EMBER-2,A Study of LY3484356 in Women With Breast Cancer Before Having Surgery,False,,COMPLETED,PHASE1,INTERVENTIONAL,87,Eli Lilly and Company,INDUSTRY,1424,6,11,18 Years,FEMALE,19,1,"Call 1-877-CTLILLY (1-877-285-4559) or 1-317-615-4559 Mon - Fri 9 AM - 5 PM Eastern time (UTC/GMT - 5 hours, EST)",True,https://cdn.clinicaltrials.gov/large-docs/87/NCT04647487/Prot_000.pdf,True,Breast Cancer,DRUG,1,True,True,True,False,True,early_adjuvant,7.0,other
NCT05163106,NEOLETRIB,Neoadjuvant Treatment of Locally-advanced Breast Cancer Patients With Ribociclib and Letrozole,False,,COMPLETED,PHASE2,INTERVENTIONAL,85,"University Hospital, Akershus",OTHER,6495,8,19,18 Years,FEMALE,1,1,"Jürgen Geisler, MD, PhD",True,https://cdn.clinicaltrials.gov/large-docs/06/NCT05163106/Prot_SAP_000.pdf,False,Breast Cancer|HER2-negative Breast Cancer|ER-positive Breast Cancer|Locally Advanced Breast Cancer|Luminal A Breast Cancer|Luminal B Breast Cancer,DRUG,2,True,True,True,True,True,mixed,7.0,gold
NCT05558722,ACNTBC,Anlotinib Combined With Chemotherapy and Neoadjuvant Therapy for Hormone Receptor-positive HER-2 Negative Breast Cancer,False,,ACTIVE_NOT_RECRUITING,PHASE2,INTERVENTIONAL,31,Xijing Hospital,OTHER,1434,4,4,18 Years,FEMALE,1,1,"Ting Wang, PhD",True,https://cdn.clinicaltrials.gov/large-docs/22/NCT05558722/Prot_000.pdf,True,Breast Cancer Stage II,DRUG,1,False,True,True,False,False,early_adjuvant,7.0,other
NCT00121992,,"Docetaxel, Doxorubicin (A), Cyclophosphamide (C) (TAC) vs 5-Fluorouracil, A, C (5FAC) Breast Cancer Adjuvant Treatment",False,,COMPLETED,PHASE3,INTERVENTIONAL,1060,Spanish Breast Cancer Research Group,OTHER,2272,11,19,18 Years,FEMALE,1,1,Study Director,False,,True,Breast Neoplasms,DRUG,4,False,False,True,False,False,early_adjuvant,6.5,other
NCT05447910,,"Analysis of Letrozole in Patients With Operable Hormone Receptor Positive, HER2 Negative Breast Cancer",False,,TERMINATED,,OBSERVATIONAL,21,Mayo Clinic,OTHER,1653,5,4,18 Years,FEMALE,1,1,"Saranya Chumsri, M.D.",True,https://cdn.clinicaltrials.gov/large-docs/10/NCT05447910/Prot_SAP_000.pdf,False,Breast Adenocarcinoma|Invasive Breast Carcinoma|Resectable Breast Carcinoma,PROCEDURE,1,True,True,True,False,True,early_adjuvant,6.5,other
NCT06307457,,A Study of HR+/HER2- Metastatic Breast Cancer Patients Treated With Palbociclib Together With an Aromatase Inhibitor From 2017 to 2023 in Denmark.,False,,COMPLETED,,OBSERVATIONAL,604,Pfizer,INDUSTRY,377,4,1,,ALL,1,1,Pfizer CT.gov Call Center,True,https://cdn.clinicaltrials.gov/large-docs/57/NCT06307457/Prot_000.pdf,True,Breast Cancer,DRUG,1,True,True,False,True,False,metastatic,6.5,other
NCT00546156,,Preoperative Dose-dense Doxorubicin and Cyclophosphamide Followed by Paclitaxel With Bevacizumab in Operable Breast Cancer,False,,COMPLETED,PHASE2,INTERVENTIONAL,104,"Ian E. Krop, MD, PhD",OTHER,2529,11,21,18 Years,ALL,4,1,"Ian Krop, MD, PhD",False,,True,Breast Cancer,DRUG,4,True,True,True,False,True,early_adjuvant,6.0,broad
NCT01564056,ASTER 70s,Adjuvant Systemic Treatment for (ER)-Positive HER2-negative Breast Carcinoma in Women Over 70 According to Genomic Grade (GG): Chemotherapy + Endocrine Treatment Versus Endocrine Treatment,False,,ACTIVE_NOT_RECRUITING,PHASE3,INTERVENTIONAL,1989,UNICANCER,OTHER,1978,14,9,70 Years,FEMALE,84,1,Etienne Brain,False,,False,Breast Cancer,DRUG,2,False,True,True,False,False,early_adjuvant,6.0,other
NCT01626222,MACS2096,"4EVER - Efficacy, Safety, Health Economics, Translational Research of Postmenopausal Women With Estrogen Receptor Positive Locally Advanced or Metastatic Breast Cancer",False,,COMPLETED,PHASE3,INTERVENTIONAL,301,Novartis Pharmaceuticals,INDUSTRY,1967,0,0,18 Years,FEMALE,84,1,Novartis Pharmaceuticals,False,,False,Metastatic Breast Cancer,DRUG,2,True,True,False,True,False,metastatic,6.0,broad
NCT01953588,,Fulvestrant and/or Anastrozole in Treating Postmenopausal Patients With Stage II-III Breast Cancer Undergoing Surgery,False,,ACTIVE_NOT_RECRUITING,PHASE3,INTERVENTIONAL,1473,Alliance for Clinical Trials in Oncology,OTHER,3884,11,1,18 Years,FEMALE,860,1,"Cynthia Ma, MD, PhD",False,,False,Estrogen Receptor-positive Breast Cancer|HER2-negative Breast Cancer|Invasive Ductal Breast Carcinoma|Invasive Lobular Breast Carcinoma|Recurrent Breast Cancer|Stage II Breast Cancer|Stage IIIA Breast Cancer|Stage IIIB Breast Cancer|Stage IIIC Breast Cancer,DRUG,2,True,True,True,False,True,early_adjuvant,6.0,broad
NCT03326674,CONTESSA,"Tesetaxel Plus Reduced Dose of Capecitabine vs. Capecitabine in HER2 Negative, HR Positive, LA/MBC",False,,TERMINATED,PHASE3,INTERVENTIONAL,685,"Odonate Therapeutics, Inc.",INDUSTRY,8180,31,9,18 Years,ALL,207,1,"Joseph O'Connell, MD",False,,False,Breast Cancer,DRUG,2,True,True,True,True,True,mixed,6.0,broad
NCT03701334,NATALEE,A Trial to Evaluate Efficacy and Safety of Ribociclib With Endocrine Therapy as Adjuvant Treatment in Patients With HR+/HER2- Early Breast Cancer,False,,ACTIVE_NOT_RECRUITING,PHASE3,INTERVENTIONAL,5101,Novartis Pharmaceuticals,INDUSTRY,15182,47,20,18 Years,ALL,387,1,Novartis Pharmaceuticals,False,,False,Early Breast Cancer,DRUG|OTHER,2,True,True,True,False,True,early_adjuvant,6.0,broad
NCT03820830,POLAR,Palbociclib for HR Positive / HER2-negative Isolated Locoregional Recurrence of Breast Cancer,False,,ACTIVE_NOT_RECRUITING,PHASE3,INTERVENTIONAL,405,ETOP IBCSG Partners Foundation,NETWORK,3431,5,5,18 Years,ALL,53,1,"Elisabetta Munzone, MD",False,,False,Breast Cancer Recurrent,DRUG,2,True,True,True,False,True,early_adjuvant,6.0,broad
NCT03969121,,"Neoadjuvant Hormonal Therapy Plus Palbociclib in Operable, Hormone Sensitive and HER2-Negative Primary Breast Cancer",False,,COMPLETED,PHASE3,INTERVENTIONAL,141,Kyoto Breast Cancer Research Network,OTHER,5469,2,15,18 Years,FEMALE,25,3,"Masakazu Toi, MD,PhD|Louis WC Chow, MD,PhD|Takayuki Ueno, MD,PhD",False,,False,Breast Cancer Female|Hormone Receptor Positive Malignant Neoplasm of Breast,DRUG,2,True,True,True,False,True,early_adjuvant,6.0,broad
NCT04055493,ADAPTcycle,"Adj. Marker-adjusted Personalized Therapy Comparing ET+Ribociclib vs Chemotherapy in Intermediate Risk, HR+/HER2- EBC",False,,ACTIVE_NOT_RECRUITING,PHASE3,INTERVENTIONAL,1684,West German Study Group,OTHER,9894,26,29,18 Years,FEMALE,86,1,"Nadia Harbeck, Prof. Dr.",False,,False,Breast Cancer Female,DRUG,1,True,True,True,False,True,early_adjuvant,6.0,broad
NCT04565054,ADAPTlate,"Adjuvant Therapy With Abemaciclib + SOC ET vs. SOC ET in Clinical or Genomic High Risk, HR+/HER2- EBC",False,,ACTIVE_NOT_RECRUITING,PHASE3,INTERVENTIONAL,1260,West German Study Group,OTHER,8116,27,7,18 Years,FEMALE,85,1,"Oleg Gluz, PD Dr. med.",False,,False,Breast Cancer Female,DRUG,1,True,True,True,False,True,early_adjuvant,6.0,broad
NCT04595565,SASCIA,Sacituzumab Govitecan in Primary HER2-negative Breast Cancer,False,,ACTIVE_NOT_RECRUITING,PHASE3,INTERVENTIONAL,1332,GBG Forschungs GmbH,OTHER,10051,4,35,18 Years,ALL,163,1,"Frederik Marmé, MD, Prof.",False,,False,HER2-negative Breast Cancer|Triple Negative Breast Cancer,DRUG,4,True,True,True,False,True,early_adjuvant,6.0,broad
NCT04906395,OVELIA,Ovarian Suppression Evaluating Subcutaneous Leuprolide Acetate in Breast Cancer,False,,ACTIVE_NOT_RECRUITING,PHASE3,INTERVENTIONAL,250,Tolmar Inc.,INDUSTRY,4998,3,14,18 Years,ALL,59,1,E P Hamilton,False,,False,Breast Cancer,DRUG,5,True,True,True,False,True,early_adjuvant,6.0,broad
NCT04961996,,"A Study Evaluating the Efficacy and Safety of Adjuvant Giredestrant Compared With Physician's Choice of Adjuvant Endocrine Monotherapy in Participants With Estrogen Receptor-Positive, HER2-Negative Early Breast Cancer (lidERA Breast Cancer)",False,,ACTIVE_NOT_RECRUITING,PHASE3,INTERVENTIONAL,4170,Hoffmann-La Roche,INDUSTRY,5089,11,18,18 Years,ALL,622,1,Clinical Trials,False,,False,Early Breast Cancer,DRUG,3,False,True,True,False,False,early_adjuvant,6.0,other
NCT05306340,,"A Study Evaluating the Efficacy and Safety of Giredestrant Plus Everolimus Compared With the Physician's Choice of Endocrine Therapy Plus Everolimus in Participants With Estrogen Receptor-Positive, HER2-Negative, Locally Advanced or Metastatic Breast Cancer (evERA Breast Cancer)",False,,ACTIVE_NOT_RECRUITING,PHASE3,INTERVENTIONAL,373,"Genentech, Inc.",INDUSTRY,4271,2,9,18 Years,ALL,136,1,Clinical Trials,False,,False,"Estrogen Receptor (ER)-Positive, HER2-negative, Locally Advanced or Metastatic Breast Cancer",DRUG,7,True,True,True,True,True,mixed,6.0,broad
NCT05827081,Adjuvant WIDER,Phase IIIb Study of Ribociclib + ET in Early Breast Cancer,False,,RECRUITING,PHASE3,INTERVENTIONAL,1400,Novartis Pharmaceuticals,INDUSTRY,3300,16,6,18 Years,ALL,229,1,Novartis Pharmaceuticals,False,,False,Early Breast Cancer,DRUG,6,True,True,True,False,True,early_adjuvant,6.0,demo
NCT06065748,,"A Study to Evaluate Efficacy and Safety of Giredestrant Compared With Fulvestrant (Plus a CDK4/6 Inhibitor), in Participants With ER-Positive, HER2-Negative Advanced Breast Cancer Resistant to Adjuvant Endocrine Therapy (pionERA Breast Cancer)",False,,RECRUITING,PHASE3,INTERVENTIONAL,1050,Hoffmann-La Roche,INDUSTRY,1670,8,5,18 Years,ALL,352,1,Clinical Trials,False,,False,"Estrogen Receptor-Positive, HER2-Negative Advanced Breast Cancer",DIAGNOSTIC_TEST|DRUG,7,True,True,True,True,True,mixed,6.0,demo
NCT06492616,ELEGANT,"A Study of Elacestrant Versus Standard Endocrine Therapy in Women and Men With ER+,HER2-, Early Breast Cancer With High Risk of Recurrence",False,,RECRUITING,PHASE3,INTERVENTIONAL,4220,"Stemline Therapeutics, Inc.",INDUSTRY,1547,4,4,18 Years,ALL,555,1,Medical Director,False,,False,Breast Cancer,DRUG,5,True,True,True,False,True,early_adjuvant,6.0,demo
NCT07391774,,"Testing Whether Hormone Therapy With Ribociclib is as Effective as Chemotherapy Followed by Hormone Therapy With Ribociclib for the Treatment of High Anatomic Stage Breast Cancer With Low Recurrence Risk, The RxFINE-Low Trial",False,,RECRUITING,PHASE3,INTERVENTIONAL,1978,National Cancer Institute (NCI),NIH,10799,65,0,18 Years,ALL,64,1,Nancy Chan,False,,False,Anatomic Stage II Breast Cancer AJCC v8|Anatomic Stage IIIA Breast Cancer AJCC v8|Anatomic Stage IIIC Breast Cancer AJCC v8|Estrogen Receptor-Positive Breast Carcinoma|HER2-Negative Breast Carcinoma,DRUG|PROCEDURE,10,True,True,True,False,True,early_adjuvant,6.0,demo
NCT00288002,,"Combination Chemotherapy With or Without Capecitabine and/or Trastuzumab Before Surgery in Treating Women With Stage I, Stage II, or Stage III Breast Cancer",False,,COMPLETED,PHASE3,INTERVENTIONAL,1500,GBG Forschungs GmbH,OTHER,3890,0,0,18 Years,FEMALE,1,1,"Gunter von Minckwitz, MD",False,,False,Breast Cancer,BIOLOGICAL|DRUG|PROCEDURE,8,True,False,True,False,False,early_adjuvant,5.5,other
NCT01042379,I-SPY,I-SPY TRIAL: Neoadjuvant and Personalized Adaptive Novel Agents to Treat Breast Cancer,False,,RECRUITING,PHASE2,INTERVENTIONAL,5000,QuantumLeap Healthcare Collaborative,OTHER,2837,16,3,18 Years,ALL,42,1,"Laura Esserman, MD, MBA",False,,False,Breast Neoplasms|Breast Cancer|Breast Tumors|Angiosarcoma|TNBC - Triple-Negative Breast Cancer|HER2-positive Breast Cancer|HER2-negative Breast Cancer|Hormone Receptor Positive Tumor|Hormone Receptor Negative Tumor|Early-stage Breast Cancer|Locally Advanced Breast Cancer,DRUG,46,True,True,True,True,True,mixed,5.5,demo
NCT01049425,planB,Anthracycline-free Taxane Based Chemotherapy in Patients With HER2/Neu Negative Early Breast Cancer,False,,COMPLETED,PHASE3,INTERVENTIONAL,3198,West German Study Group,OTHER,3493,22,21,18 Years,FEMALE,1,2,"Ulrike A. Nitz, Prof. Dr. med.|Nadia Harbeck, Prof. Dr. med.",False,,False,Primary Breast Cancer|Her2 Non-overexpressing,DRUG,5,True,False,True,False,False,early_adjuvant,5.5,other
NCT01354522,,TAC Versus TCX as Adjuvant Treatment for High-risk Her2-Negative Breast Cancer,False,,COMPLETED,PHASE3,INTERVENTIONAL,204,Peking Union Medical College Hospital,OTHER,4426,17,19,18 Years,FEMALE,1,1,"Qiang Sun, Master",False,,False,Breast Cancer,DRUG,2,True,True,True,False,True,early_adjuvant,5.5,broad
NCT01781338,ADAPT,Adjuvant Dynamic Marker-Adjusted Personalized Therapy Trial Optimizing Risk Assessment and Therapy Response Prediction in Early Breast Cancer,False,,COMPLETED,PHASE2|PHASE3,INTERVENTIONAL,4936,West German Study Group,OTHER,1854,11,11,18 Years,FEMALE,2,2,"Nadia Harbeck, Prof. Dr.|Ulrike Nitz, Prof. Dr.",False,,False,Breast Cancer,OTHER,1,False,False,True,False,False,early_adjuvant,5.5,other
NCT01805271,,"Safety Study of Adding Everolimus to Adjuvant Hormone Therapy in Women With High Risk of Relapse, ER+ and HER2- Primary Breast Cancer, Free of Disease After Receiving at Least One Year of Adjuvant Hormone Therapy",False,,ACTIVE_NOT_RECRUITING,PHASE3,INTERVENTIONAL,1278,UNICANCER,OTHER,3395,7,6,18 Years,FEMALE,2,2,"Thomas Bachelot, MD, PhD|Fabrice Andre, MD, PhD",False,,False,Primary Non-metastatic Breast Cancer|Who Remain Disease-free,DRUG,2,True,True,True,True,True,mixed,5.5,broad
NCT02206984,,Endocrine Response in Women With Invasive Lobular Breast Cancer,False,,COMPLETED,PHASE2,INTERVENTIONAL,201,Priscilla McAuliffe,OTHER,4670,7,10,,FEMALE,12,1,"Priscilla McAuliffe, MD",False,,False,Breast Cancer,DRUG,3,True,True,True,False,True,early_adjuvant,5.5,broad
NCT02216786,MANTA,A Randomized Study of AZD2014 in Combination With Fulvestrant in Metastatic or Advanced Breast Cancer,False,,COMPLETED,PHASE2,INTERVENTIONAL,333,Queen Mary University of London,OTHER,5995,5,14,18 Years,FEMALE,79,1,"Peter Schmid, Prof",False,,False,Estrogen Receptor Positive Breast Cancer,DRUG,3,True,True,True,True,True,mixed,5.5,broad
NCT02441946,neoMONARCH,"A Neoadjuvant Study of Abemaciclib (LY2835219) in Postmenopausal Women With Hormone Receptor Positive, HER2 Negative Breast Cancer",False,,COMPLETED,PHASE2,INTERVENTIONAL,224,Eli Lilly and Company,INDUSTRY,713,6,6,18 Years,FEMALE,66,1,"Call 1-877-CTLILLY (1-877-285-4559) or 1-317-615-4559 Mon - Fri 9 AM - 5 PM Eastern time (UTC/GMT - 5 hours, EST)",False,,True,Breast Cancer|Hormone Receptor Positive Tumor|Early-Stage Breast Carcinoma,DRUG,3,True,True,True,False,True,early_adjuvant,5.5,broad
NCT03201861,,Addition of Cisplatin to Adjuvant Chemotherapy for Early Stage Breast Cancer in High-Risk Women,False,,RECRUITING,PHASE3,INTERVENTIONAL,762,RenJi Hospital,OTHER,1544,0,0,18 Years,FEMALE,1,1,"Jinsong Lu, M.D.",False,,False,Tubular Breast Cancer|Mucinous Breast Cancer|Invasive Duct Carcinoma of Breast,DRUG,2,True,True,True,False,True,early_adjuvant,5.5,demo
NCT03283384,NEOLBC,"Tailoring NEOadjuvant Therapy in Hormone Receptor Positive, HER2 Negative, Luminal Breast Cancer.",False,,ACTIVE_NOT_RECRUITING,PHASE2,INTERVENTIONAL,100,Borstkanker Onderzoek Groep,NETWORK,2788,11,14,18 Years,FEMALE,29,4,"Judith R Kroep, MD PhD|Sabine C Linn, Prof. MD|Gerrit-Jan Liefers, MD PhD|A. E van Leeuwen-Stok, PhD",False,,False,Breast Neoplasms,DRUG,3,True,True,True,True,True,mixed,5.5,broad
NCT04193059,PANSY,Study Comparing EC-T Verses PCb in the Adjuvant Chemotherapy of Non-triple Negative Breast Cancer,False,,ACTIVE_NOT_RECRUITING,PHASE3,INTERVENTIONAL,1560,Fudan University,OTHER,3729,6,6,18 Years,FEMALE,1,1,"ZhiMin Shao, MD, PhD",False,,False,Breast Cancer,DRUG,7,True,True,True,False,True,early_adjuvant,5.5,broad
NCT04443348,,Pre-op Pembro + Radiation Therapy in Breast Cancer (P-RAD),False,,ACTIVE_NOT_RECRUITING,PHASE2,INTERVENTIONAL,120,"Laura M. Spring, MD",OTHER,10441,36,29,18 Years,ALL,10,1,"Laura M Spring, MD",False,,False,"Triple Negative Breast Cancer|Hormone Receptor Positive (HR+), HER2-negative Breast Cancer|Biopsy-proven, Positive Lymph Node(s)",DRUG|RADIATION,7,True,True,True,False,True,early_adjuvant,5.5,broad
NCT04802759,,A Study Evaluating the Efficacy and Safety of Multiple Treatment Combinations in Participants With Breast Cancer,False,,RECRUITING,PHASE1|PHASE2,INTERVENTIONAL,316,Hoffmann-La Roche,INDUSTRY,15489,35,86,18 Years,FEMALE,32,1,Clinical Trials,False,,False,"Inoperable, Locally Advanced or Metastatic, ER-positive Breast Cancer",DRUG,10,True,True,True,True,True,mixed,5.5,demo
NCT04985266,TRAK-ER,A Trial of Early Detection of Molecular Relapse With Circulating Tumour DNA Tracking and Treatment With Palbociclib Plus Fulvestrant Versus Standard Endocrine Therapy in Patients With ER Positive HER2 Negative Breast Cancer,False,,RECRUITING,PHASE2,INTERVENTIONAL,1100,Royal Marsden NHS Foundation Trust,OTHER,11877,5,18,18 Years,ALL,49,1,Nicholas Turner,False,,False,ER+ Breast Cancer|HER2-negative Breast Cancer,DRUG,6,True,True,True,False,True,early_adjuvant,5.5,demo
NCT05063136,,Adjuvant Metronomic Capecitabine Plus Endocrine Therapy for HR+/HER2- Primary Breast Cancer,False,,RECRUITING,PHASE3,INTERVENTIONAL,1979,Henan Cancer Hospital,OTHER_GOV,4427,1,0,18 Years,FEMALE,1,1,Zhenzhen Liu,False,,False,Breast Cancer,DRUG,2,True,True,True,False,True,early_adjuvant,5.5,demo
NCT05296746,RIBOLARIS,Neoadjuvant and Adjuvant Ribociclib and ET for Clinically High-risk ER+ and HER2- Breast Cancer,False,,ACTIVE_NOT_RECRUITING,PHASE2,INTERVENTIONAL,1100,SOLTI Breast Cancer Research Group,OTHER,11372,0,22,18 Years,ALL,51,4,"Aleix Prat, MD|Paul Cottu, MD|Joaquín Gavilá, MD|Thibault de La Motte Rouge, MD",False,,False,Breast Cancer Stage II,DRUG,3,True,True,True,False,True,early_adjuvant,5.5,broad
NCT05708235,MiRaDoR,A PoC Study to Evaluate Treatments' Efficacy by Monitoring MRD Using ctDNA in HR-positive/HER2-negative EBC Population,False,,RECRUITING,PHASE2,INTERVENTIONAL,976,MedSIR,OTHER,14762,3,15,18 Years,ALL,41,1,"Antonio Llombart, MD",False,,False,Breast Cancer,DRUG,3,True,True,True,False,True,early_adjuvant,5.5,demo
NCT05896566,PREcoopERA,A Window-of-Opportunity Trial of Giredestrant +/- Triptorelin vs. Anastrozole + Triptorelin in Premenopausal Patients With ER-positive/HER2-negative Early Breast Cancer,False,,COMPLETED,PHASE2,INTERVENTIONAL,231,ETOP IBCSG Partners Foundation,NETWORK,6519,16,21,18 Years,FEMALE,37,1,"Elisabetta Munzone, MD",False,,False,Breast Cancer,DRUG,3,True,True,True,False,True,early_adjuvant,5.5,broad
NCT07287098,preEMBER,A Study of Imlunestrant (LY3484356) in Premenopausal Women With Estrogen Receptor-Positive (ER+) Human Epidermal Growth Factor Receptor 2 Negative (HER2-) Early Breast Cancer,False,,RECRUITING,PHASE2,INTERVENTIONAL,600,Eli Lilly and Company,INDUSTRY,3093,15,20,18 Years,FEMALE,78,1,"Call 1-877-CTLILLY (1-877-285-4559) or 1-317-615-4559 Mon - Fri 8 AM - 8 PM Eastern time (UTC/GMT - 5 hours, EST)",False,,False,Breast Neoplasms,DRUG,3,True,True,True,False,True,early_adjuvant,5.5,demo
NCT00629616,NIMFEA,"Efficacy of Anastrozole and Fulvestrant in Patients With ER Positive, HER2 Negative, Operable Breast Cancer",False,,COMPLETED,PHASE2,INTERVENTIONAL,116,UNICANCER,OTHER,2105,0,0,,FEMALE,6,1,"Florence Lerebours, MD",False,,False,Breast Cancer,DRUG,2,True,True,True,False,True,early_adjuvant,5.0,broad
NCT00903006,,"Trial of Fulvestrant, MK-0646, and Dasatinib for Metastatic Hormone Receptor-Positive HER2-Negative Breast Cancer",False,,TERMINATED,PHASE1|PHASE2,INTERVENTIONAL,11,M.D. Anderson Cancer Center,OTHER,4951,12,9,18 Years,FEMALE,1,1,"Ana Gonzalez-Angulo, MD, MS",False,,True,Breast Cancer,DRUG,3,False,True,False,True,False,metastatic,5.0,broad
NCT01368263,,Goserelin and Letrozole or Anastrozole in Premenopausal Patients With Stage II-III Estrogen Receptor-Positive Breast Cancer,False,,TERMINATED,PHASE2,INTERVENTIONAL,8,Washington University School of Medicine,OTHER,4972,30,10,18 Years,FEMALE,1,1,"Timothy Pluard, M.D.",False,,True,Estrogen Receptor-positive Breast Cancer|HER2-negative Breast Cancer|Stage II Breast Cancer|Stage IIIA Breast Cancer|Stage IIIB Breast Cancer|Stage IIIC Breast Cancer,DRUG|PROCEDURE,5,True,True,True,False,True,early_adjuvant,5.0,broad
NCT01776008,,Akt Inhibitor MK-2206 and Anastrozole With or Without Goserelin Acetate in Treating Patients With Stage II-III Breast Cancer,False,,TERMINATED,PHASE2,INTERVENTIONAL,16,National Cancer Institute (NCI),NIH,5737,25,32,18 Years,FEMALE,8,1,Cynthia Ma,False,,True,Estrogen Receptor Positive|HER2/Neu Negative|Recurrent Breast Carcinoma|Stage IIA Breast Cancer|Stage IIB Breast Cancer|Stage IIIA Breast Cancer|Stage IIIB Breast Cancer|Stage IIIC Breast Cancer,DRUG|OTHER|PROCEDURE,7,True,True,True,False,True,early_adjuvant,5.0,broad
NCT01919229,MONALEESA-1,A Pharmacodynamics Pre-surgical Study of LEE011 in Early Breast Cancer Patients (MONALEESA-1),False,,TERMINATED,PHASE2,INTERVENTIONAL,14,Novartis Pharmaceuticals,INDUSTRY,2955,10,15,18 Years,FEMALE,7,1,Novartis Pharmaceuticals,False,,True,Early Breast Cancer,DRUG,2,False,False,True,False,False,early_adjuvant,5.0,other
NCT01926964,,Adjuvant Treatment Recommendation and Oncotype DX® in Early Breast Cancer,False,,COMPLETED,,OBSERVATIONAL,229,Swiss Cancer Institute,OTHER,1750,0,0,18 Years,FEMALE,19,2,"Bernhard Pestalozzi, Prof|Stefan Aebi, Prof.",False,,False,Breast Cancer,,0,True,False,True,False,False,early_adjuvant,5.0,other
NCT02400190,,The IDEA Study (Individualized Decisions for Endocrine Therapy Alone),False,,ACTIVE_NOT_RECRUITING,NA,INTERVENTIONAL,202,University of Michigan Rogel Cancer Center,OTHER,2497,16,7,50 Years,FEMALE,13,1,"Reshma Jagsi, M.D., Ph.D.",False,,False,Breast Neoplasms,OTHER,1,True,True,True,False,True,early_adjuvant,5.0,other
NCT03065621,NeoRHEA,Neoadjuvant Biomarker ResearcH Study of Palbociclib Combined With Endocrine Therapy in Estrogen Receptor Positive/HER2 Negative Breast CAncer (NeoRHEA),False,,COMPLETED,PHASE2,INTERVENTIONAL,100,Jules Bordet Institute,OTHER,3570,6,1,18 Years,FEMALE,5,1,"Michail Ignatiadis, MD",False,,False,Breast Cancer Female,DRUG,1,True,True,True,False,True,early_adjuvant,5.0,broad
NCT03306472,PIONEER,A Pre-operative Window Study of Letrozole Plus PR Agonist (Megestrol Acetate) Versus Letrozole Alone in Post-menopausal Patients With ER-positive Breast Cancer,False,,COMPLETED,PHASE2,INTERVENTIONAL,198,Cambridge University Hospitals NHS Foundation Trust,OTHER,2107,13,11,18 Years,FEMALE,1,1,"Richard Baird, MA MBBS PhD FRCP",False,,False,Breast Cancer,DRUG,3,True,True,True,True,True,mixed,5.0,broad
NCT03917082,LALEAST,Limited Adjuvant Endocrine Therapy for Low Risk Breast Cancer,False,,ACTIVE_NOT_RECRUITING,PHASE2,INTERVENTIONAL,290,British Columbia Cancer Agency,OTHER,2873,22,1,51 Years,FEMALE,1,1,"Caroline Lohrisch, MC",False,,False,Breast Cancer Female|Hormone Receptor Positive Tumor,DRUG,1,True,True,True,False,True,early_adjuvant,5.0,broad
NCT05022342,SPEAR,Study of PIK3CA Mutations and Effectiveness and Tolerability Outcomes of Alpelisib in Real-world,False,,COMPLETED,,OBSERVATIONAL,595,Novartis Pharmaceuticals,INDUSTRY,3263,0,0,18 Years,ALL,28,1,Novartis Pharmaceuticals,False,,False,Breast Cancer,OTHER,1,True,True,False,True,False,metastatic,5.0,other
NCT05059444,ORACLE,ORACLE: Observation of ResiduAl Cancer With Liquid Biopsy Evaluation,False,,RECRUITING,,OBSERVATIONAL,2020,"Guardant Health, Inc.",INDUSTRY,3341,19,4,18 Years,ALL,57,1,Study Director,False,,False,Bladder Carcinoma|Ureter Carcinoma|Renal Pelvis Carcinoma|Non-small Cell Lung Cancer|Invasive Breast Carcinoma|Cutaneous Melanoma|Esophageal Carcinoma|Gastroesophageal Junction Carcinoma|Gastric Adenocarcinoma|Pancreatic Adenocarcinoma|Squamous Cell Carcinoma of the Head and Neck|Epithelial Ovarian Carcinoma|Fallopian Tube Carcinoma|Endometrial Carcinoma|Renal Cell Carcinoma|Rectal Adenocarcinoma,DIAGNOSTIC_TEST,1,True,True,True,False,True,early_adjuvant,5.0,other
NCT05377684,ROSE,Study of Quality of Life and Hormone Levels in Premenopausal Participants With Early Breast Cancer Receiving Triptorelin Plus Additional Cancer Treatment,False,,COMPLETED,,OBSERVATIONAL,450,Ipsen,INDUSTRY,3339,8,9,18 Years,FEMALE,22,1,"Ipsen Medical, Director",False,,False,Early-stage Breast Cancer,,0,True,True,True,False,True,early_adjuvant,5.0,other
NCT05582499,FASCINATE-N,Fudan University Shanghai Cancer Center Breast Cancer Precision Platform Series Study- Neoadjuvant Therapy,False,,RECRUITING,PHASE2,INTERVENTIONAL,716,Fudan University,OTHER,2146,11,8,18 Years,FEMALE,1,1,"Zhimin Shao, Professor",False,,False,Breast Neoplasm|Breast Cancer|Breast Tumors|Triple-Negative Breast Cancer (TNBC)|HER2-positive Breast Cancer|HER2-negative Breast Cancer|Hormone Receptor Positive Tumor|Hormone Receptor Negative Tumor|Early-stage Breast Cancer|Locally Advanced Breast Cancer,DRUG|RADIATION,33,True,True,True,True,True,mixed,5.0,demo
NCT05879926,OFSET,"Evaluating the Addition of Adjuvant Chemotherapy to Ovarian Function Suppression Plus Endocrine Therapy in Premenopausal Patients With pN0-1, ER-Positive/HER2-Negative Breast Cancer and an Oncotype Recurrence Score Less Than or Equal to 25",False,,RECRUITING,PHASE3,INTERVENTIONAL,3960,NRG Oncology,OTHER,8279,33,18,18 Years,FEMALE,1249,0,,False,,False,Breast Cancer,DRUG,2,True,True,True,False,True,early_adjuvant,5.0,demo
NCT05952557,CAMBRIA-2,An Adjuvant Endocrine-based Therapy Study of Camizestrant (AZD9833) in ER+/HER2- Early Breast Cancer (CAMBRIA-2),True,CAMBRIA-2,RECRUITING,PHASE3,INTERVENTIONAL,5500,AstraZeneca,INDUSTRY,2206,7,11,18 Years,ALL,798,0,,False,,False,"Breast Cancer, Early Breast Cancer",DRUG,6,True,True,True,False,True,early_adjuvant,5.0,demo
NCT06953882,SELECT,"Impact of Omitting Chemo Based on Patient's Selection for ER-Positive, HER2-Negative Breast Cancer With Ribociclib and Endocrine Therapy",False,,RECRUITING,PHASE2,INTERVENTIONAL,140,Yale University,OTHER,11541,11,10,18 Years,ALL,1,1,Jing Du,False,,False,HER2 Negative Breast Cancer,DRUG|RADIATION,5,True,True,True,False,True,early_adjuvant,5.0,demo
NCT06970912,DNADalHR,ctDNA-Guided De-Escalation of Adjuvant Chemotherapy With Dalpiciclib in HR-Positive/HER2-Negative Breast Cancer,False,,RECRUITING,PHASE2,INTERVENTIONAL,393,Peking University People's Hospital,OTHER,3954,8,16,18 Years,FEMALE,1,1,"shu wang, doctor",False,,False,Hormone Receptor-Positive Breast Cancer|High-risk Breast Cancer|Early-Stage Breast Cancer|HER2-negative Breast Cancer|ctDNA Monitoring|Breast Cancer Early Stage Breast Cancer (Stage 1-3),DRUG,2,True,True,True,False,True,early_adjuvant,5.0,demo
NCT06977893,,"Neoadjuvant Chemotherapy in Combination With Toripalimab for HR+/HER2- Breast Cancer : a Randomized, Open-label, Parallel-controlled, Multi-center Phase III Study (NEOTORCH-BREAST04)",False,,RECRUITING,PHASE3,INTERVENTIONAL,194,First Affiliated Hospital of Zhejiang University,OTHER,5251,0,3,18 Years,FEMALE,13,0,,False,,False,HR+/HER2- Breast Cancer,DRUG,2,True,True,True,False,True,early_adjuvant,5.0,demo
NCT07084558,TEODOR,ABCSG 61 / TEODOR : Neoadjuvant TrEatment Optimization Driven by Circulating Tumor DNA and endOcrine Responsiveness,False,,RECRUITING,NA,INTERVENTIONAL,350,Austrian Breast & Colorectal Cancer Study Group,NETWORK,5118,5,2,18 Years,ALL,14,2,"Daniel Egle, MD, senior physician|Michael Gnant, MD, Prof.",False,,False,Early and Locally Advanced Breast Cancer,DIAGNOSTIC_TEST,3,True,True,True,True,True,mixed,5.0,other
NCT07211178,GEMINI Breast,Evaluating Minimal Residual Disease (MRD) Through Longitudinal Circulating Tumor DNA (ctDNA) Profiling in Breast Malignancies,False,,RECRUITING,,OBSERVATIONAL,900,Tempus AI,INDUSTRY,2487,0,0,18 Years,ALL,14,1,"Michelle Ting-Lin, MD",False,,False,Breast Cancer|TNBC - Triple-Negative Breast Cancer|HR Positive/HER-2 Negative Breast Cancer|HER2 + Breast Cancer|Early Stage Breast Cancer,OTHER,1,True,True,False,False,False,unspecified,5.0,other
NCT07214532,SIGNAL-ER 101,Signatera-Guided CDK4/6 Inhibitor Therapy in Breast Cancer,False,,RECRUITING,NA,INTERVENTIONAL,725,"Natera, Inc.",INDUSTRY,4547,9,0,18 Years,ALL,39,1,"Angel Rodriguez, MD",False,,False,"Breast Neoplasms|Carcinoma, Ductal, Breast|Receptors, Estrogen (for ER-positive Requirement)",DEVICE,1,True,True,True,False,True,early_adjuvant,5.0,other
NCT07366112,DNACDKHR,CDK4/6 Inhibitors Combined With Endocrine Therapy for Neoadjuvant Treatment,False,,RECRUITING,PHASE2,INTERVENTIONAL,158,Peking University People's Hospital,OTHER,3842,1,1,18 Years,FEMALE,1,1,"shu wang, doctor",False,,False,Hormone Receptor-Positive Breast Cancer|High-risk Breast Cancer|Early-Stage Breast Cancer|HER2-negative Breast Cancer|ctDNA Monitoring,DRUG,1,True,True,True,False,True,early_adjuvant,5.0,demo
NCT07671885,YoungHOPE,"Evaluating the Response-Guided Therapy With Neoadjuvant Endocrine Therapy to Optimize Adjuvant Treatment in Premenopausal HR+/HER2- Breast Cancer (JCOG2402, Young HOPE)",False,,RECRUITING,PHASE3,INTERVENTIONAL,950,Tokyo Women's Medical University,OTHER,1602,2,2,18 Years,FEMALE,49,0,,False,,False,Breast Cancer,DRUG,2,True,True,True,False,True,early_adjuvant,5.0,demo
NCT00651976,,"Letrozole in Treating Postmenopausal Women With Stage I, II or III Breast Cancer That Can Be Removed by Surgery",False,,TERMINATED,EARLY_PHASE1,INTERVENTIONAL,213,Vanderbilt-Ingram Cancer Center,OTHER,3393,0,0,18 Years,FEMALE,5,1,"Ingrid Meszoely, MD",False,,False,Breast Cancer,DRUG|OTHER|PROCEDURE,3,False,True,True,False,False,early_adjuvant,4.5,other
NCT00911716,,"TC Avastin. ICORG 08-10, V6",False,,COMPLETED,NA,INTERVENTIONAL,106,Cancer Trials Ireland,NETWORK,6245,17,14,18 Years,ALL,8,1,"Cancer Trials Ireland Dublin 11, Ireland, MD",False,,False,Breast Cancer,BIOLOGICAL|DRUG|PROCEDURE,4,True,True,True,False,True,early_adjuvant,4.5,other
NCT01421472,,A Trial of Preoperative MM-121 With Paclitaxel in HER2-negative Breast Cancer,False,,COMPLETED,PHASE2,INTERVENTIONAL,196,Merrimack Pharmaceuticals,INDUSTRY,490,6,2,18 Years,FEMALE,38,1,"Victor Moyo, MD",False,,True,"ER Positive, Her2 Negative Breast Cancer Patients|Triple Negative Breast Cancer Patients",DRUG,2,True,True,True,False,True,early_adjuvant,4.5,broad
NCT02535221,,Neoadjuvant Endocrine Therapy Versus Chemotherapy in Premenopausal Patients With ER+ & HER2- Breast Cancer,False,,RECRUITING,PHASE3,INTERVENTIONAL,234,Peking University,OTHER,1483,7,7,35 Years,FEMALE,1,1,"Tao Ouyang, MD",False,,False,Breast Cancer,DRUG,2,True,True,True,False,True,early_adjuvant,4.5,demo
NCT02549677,ELEGANT,"Epirubicin Versus Docetaxel Plus Cyclophosphamide in Lymph Node Negative, ER-positive, Her2-negative Breast Cancer",False,,COMPLETED,PHASE4,INTERVENTIONAL,294,Ruijin Hospital,OTHER,1829,0,1,18 Years,FEMALE,1,1,"Li Zhu, doctor",False,,False,Breast Neoplasms,DRUG,3,True,True,True,False,True,early_adjuvant,4.5,other
NCT02625935,,Prospective Observational Study Evaluating Treatment Decision Impact of Prosigna® in Early Stage Breast Cancer Patients,False,,COMPLETED,,OBSERVATIONAL,206,"NanoString Technologies, Inc.",INDUSTRY,1749,5,11,,FEMALE,4,1,"Jeffrey Vacirca, MD",False,,False,Breast Cancer,,0,False,True,True,False,False,early_adjuvant,4.5,other
NCT03358004,VICTOR3,the Role of Two Different Metronomic Chemotherapy Regimens in Locally Advanced or Metastatic Triple Negative Breast Cancer Patients (TNBC) as Maintenance Therapy After First Line Treatment,False,,TERMINATED,PHASE2,INTERVENTIONAL,4,Mario Negri Institute for Pharmacological Research,OTHER,3180,9,14,18 Years,FEMALE,30,1,"Marina Cazzaniga, MD",False,,False,Triple Negative Breast Cancer,DRUG,2,False,True,True,True,False,mixed,4.5,broad
NCT03417115,OPAL,Breast Cancer Registry Platform,False,,RECRUITING,,OBSERVATIONAL,6150,iOMEDICO AG,INDUSTRY,1820,8,0,18 Years,ALL,1,1,"Norbert Marschner, MD",False,,False,Breast Cancer,,0,True,True,False,False,False,unspecified,4.5,other
NCT03988036,Keyriched-1,A Study With Pembrolizumab in Combination With Dual Anti-HER2 Blockade With Trastuzumab and Pertuzumab in Early Breast Cancer Patients With Molecular HER2-enriched Intrinsic Subtype (Keyriched-1),False,,COMPLETED,PHASE2,INTERVENTIONAL,46,West German Study Group,OTHER,12256,14,41,18 Years,FEMALE,12,1,"s.kuemmel@kem-med.com Kuemmel, Professor",False,,False,Breast Cancer,DRUG,3,True,True,True,False,True,early_adjuvant,4.5,broad
NCT04544189,,Study Assessing the Efficacy and Safety of Treatment With Alpelisib Plus Fulvestrant Versus Placebo Plus Fulvestrant in Chinese Men and Postmenopausal Women With Advanced Breast Cancer,False,,ACTIVE_NOT_RECRUITING,PHASE2,INTERVENTIONAL,69,Novartis Pharmaceuticals,INDUSTRY,4085,15,10,18 Years,ALL,24,1,Novartis Pharmaceuticals,False,,False,Breast Neoplasms,DRUG,3,True,True,True,True,True,mixed,4.5,broad
NCT04567420,DARE,"DNA-guided Second Line Adjuvant Therapy for High Residual Risk, Estrogen Receptor Positive, HER-2 Negative Breast Cancer (DARE)",False,,ACTIVE_NOT_RECRUITING,PHASE2,INTERVENTIONAL,70,"Criterium, Inc.",INDUSTRY,6380,0,0,,ALL,19,1,"Lajos Pusztai, MD",False,,False,Breast Cancer,DRUG,3,True,True,True,False,True,early_adjuvant,4.5,broad
NCT05212454,,Efficacy of Supplement Adjuvant Capecitabine in HR+/HER2- Breast Cancer Patients With High Risks,False,,RECRUITING,PHASE3,INTERVENTIONAL,400,"Second Affiliated Hospital, School of Medicine, Zhejiang University",OTHER,1703,7,8,18 Years,FEMALE,1,0,,False,,False,Breast Cancer|Chemotherapy Effect,DRUG,1,True,True,True,False,True,early_adjuvant,4.5,demo
NCT05780567,,Clinical Study on Adjuvant Therapy of TQB3616 Combined With Endocrine Therapy Compared With Placebo Combined With Endocrine Therapy in Patients With Breast Cancer,False,,ACTIVE_NOT_RECRUITING,PHASE3,INTERVENTIONAL,1946,"Chia Tai Tianqing Pharmaceutical Group Co., Ltd.",INDUSTRY,2626,5,5,18 Years,FEMALE,3,0,,False,,False,Breast Cancer,DRUG,2,True,True,True,False,True,early_adjuvant,4.5,broad
NCT05901428,,TCb vs EC-T in High Risk ER+/HER2- Breast Cancer,False,,RECRUITING,PHASE3,INTERVENTIONAL,1736,Fudan University,OTHER,6558,6,4,18 Years,FEMALE,1,0,,False,,False,Hormone Receptor Positive HER-2 Negative Breast Cancer,DRUG,4,True,True,True,False,True,early_adjuvant,4.5,demo
NCT06171360,CICLIBIOME,A Study of the Gut Microbiome in Hormone Receptor-positive HER2-negative Breast Cancer Treated With CDK4/6 Inhibitors,False,,RECRUITING,,OBSERVATIONAL,100,Cliniques universitaires Saint-Luc- Université Catholique de Louvain,OTHER,4238,7,23,18 Years,ALL,3,1,"Cédric Van Marcke, MD, PhD",False,,False,Breast Cancer,,0,True,True,True,True,True,mixed,4.5,other
NCT06388122,,DiviTum®TKa: A Biomarker Assay for Efficacy in HR+ Breast Cancer Patients,False,,RECRUITING,,OBSERVATIONAL,100,Mayo Clinic,OTHER,1718,6,6,18 Years,FEMALE,1,1,"Pooja Advani, MBBS, MD",False,,False,HER2-negative Breast Cancer|Hormone-receptor-positive Breast Cancer|Metastatic Breast Cancer|Anatomic Stage II Breast Cancer AJCC v8|Anatomic Stage III Breast Cancer AJCC v8|Anatomic Stage IV Breast Cancer AJCC v8|HER2 Negative Breast Carcinoma|Hormone Receptor Positive Breast Carcinoma|Metastatic Breast Carcinoma,PROCEDURE,1,True,True,True,True,True,mixed,4.5,other
NCT06611813,,Neoadjuvant Chemotherapy in Combination With Toripalimab for HR+/HER2- Breast Cancer (NEOTORCH-BREAST01),False,,RECRUITING,PHASE2,INTERVENTIONAL,30,First Affiliated Hospital of Zhejiang University,OTHER,5251,0,3,18 Years,FEMALE,11,1,Guansheng Sheng,False,,False,HR+/HER2- Breast Cancer,DRUG,2,True,True,True,False,True,early_adjuvant,4.5,demo
NCT06637150,,Dalpicilib-Enhanced Vs. Standard Endocrine Therapy in ER+ HER2- Early Breast Cancer,False,,ACTIVE_NOT_RECRUITING,PHASE3,INTERVENTIONAL,1388,Fudan University,OTHER,3085,3,7,18 Years,FEMALE,1,0,,False,,False,Breast Cancer,DRUG,2,True,True,True,False,True,early_adjuvant,4.5,broad
NCT06867484,BRASIL,Breast Re-irradiation After Second Ipsilateral Lumpectomy,False,,RECRUITING,NA,INTERVENTIONAL,114,Youssef Zeidan,OTHER,2312,12,9,40 Years,FEMALE,2,1,"Youssef Zeidan, M.D., Ph.D.",False,,False,Breast Cancer|Cancer|Cancer of the Breast|HER2-negative Breast Cancer|ER+ Breast Cancer|Estrogen-receptor-positive Breast Cancer,RADIATION,1,True,True,False,False,False,unspecified,4.5,other
NCT07190443,AURA,"Adjuvant Abemaciclib for Locoregional Recurrence of HR-positive, HER2-negative Breast Cancer (JCOG2313, AURA)",False,,RECRUITING,PHASE3,INTERVENTIONAL,290,Japanese Foundation for Cancer Research,OTHER,2568,1,3,18 Years,ALL,1,0,,False,,False,Breast Cancer|Locoregional Recurrence|Abemaciclib|Endocrine Therapy,DRUG,2,True,True,True,False,True,early_adjuvant,4.5,demo
NCT07400523,,"Ribociclib in Hormone Receptor-positive, HER2-negative Early Breast Cancer With Residual Disease After Neoadjuvant Chemotherapy",False,,RECRUITING,PHASE3,INTERVENTIONAL,446,Sun Yat-Sen Memorial Hospital of Sun Yat-Sen University,OTHER,6330,12,22,18 Years,FEMALE,4,0,,False,,False,Breast Cancer,DRUG,2,False,True,True,False,False,early_adjuvant,4.5,other
NCT01430585,,Pre-Operative Study of PF-4691502 With Letrozole Compared To Letrozole Alone In Patients With Early Breast Cancer,False,,TERMINATED,PHASE2,INTERVENTIONAL,14,Pfizer,INDUSTRY,777,3,1,18 Years,FEMALE,5,1,Pfizer CT.gov Call Center,False,,True,Early Breast Cancer (Phase 2)|Advanced Breast Cancer (Phase 1b),DRUG,3,True,True,True,True,True,mixed,4.0,broad
NCT02670577,IMPACt,Measuring the Impact of MammaPrint on Adjuvant and Neoadjuvant Treatment in Breast Cancer Patients: A Prospective Registry,False,,COMPLETED,,OBSERVATIONAL,481,Agendia,INDUSTRY,1720,4,4,18 Years,ALL,17,0,,False,,False,Breast Cancer,,0,True,True,True,False,True,early_adjuvant,4.0,other
NCT02773004,ADENDOM,"Prospective Study Assessing EndoPredict® Genomic Test Impact on Shared Decision of Adjuvant Chemotherapy in Patients With ER-positive, Her2-negative Early Breast Cancer",False,,COMPLETED,NA,INTERVENTIONAL,203,UNICANCER,OTHER,1780,15,9,18 Years,FEMALE,0,2,"Frédérique Penault-Llorca, MD, PhD|Suzette Delaloge, MD",False,,False,Breast Cancer,OTHER,1,True,True,True,False,True,early_adjuvant,4.0,other
NCT02802748,,Phase 0 Study of Metronomic Oral Vinorelbine and Letrozole in HR+/HER2-negative Early Breast Cancer Patients (VENTANA),False,,COMPLETED,EARLY_PHASE1,INTERVENTIONAL,60,SOLTI Breast Cancer Research Group,OTHER,3035,10,12,18 Years,FEMALE,10,1,"Aleix Prat, MD, PhD",False,,False,Breast Cancer,DRUG,2,True,True,True,False,True,early_adjuvant,4.0,other
NCT03395899,ECLIPSE,Pre-operative Immunotherapy Combination Strategies in Breast Cancer,False,,COMPLETED,PHASE2,INTERVENTIONAL,71,Queen Mary University of London,OTHER,10121,3,18,18 Years,FEMALE,1,1,Peter Schmid,False,,False,Breast Cancer|Estrogen Receptor-positive Breast Cancer,DRUG,4,True,True,True,False,True,early_adjuvant,4.0,broad
NCT03591276,KEYDOX,Phase 1b Study of Pegylated Liposomal Doxorubicin and Pembrolizumab in Endocrine-resistant Breast Cancer,False,,RECRUITING,PHASE1|PHASE2,INTERVENTIONAL,15,Shaare Zedek Medical Center,OTHER,7267,2,22,18 Years,FEMALE,1,1,"Alberto A Gabizon, MD, PhD",False,,False,Metastatic Breast Cancer,DRUG,1,True,True,True,True,True,mixed,4.0,demo
NCT03795012,,Trial With Eribulin or Eribulin+ Endocrine Therapy in Locally-recurrent or Metastatic Breast Cancer Patients,False,,TERMINATED,PHASE2,INTERVENTIONAL,22,MedSIR,OTHER,2326,14,11,18 Years,FEMALE,9,1,"Javier Cortés, PhD",False,,False,Breast Cancer,DRUG,1,True,True,False,True,False,metastatic,4.0,broad
NCT04584255,,Niraparib + Dostarlimab In BRCA Mutated Breast Cancer,False,,ACTIVE_NOT_RECRUITING,PHASE2,INTERVENTIONAL,62,Dana-Farber Cancer Institute,OTHER,10260,34,23,18 Years,ALL,8,1,"Erica L. Mayer, MD, MPH",False,,False,Stage I Breast Cancer|Stage II Breast Cancer|Stage III Breast Cancer|Breast Cancer|HER2-negative Breast Cancer|Germline BRCA1 Gene Mutation|Germline BRCA2 Gene Mutation|Deleterious PALB2 Gene Mutation,DRUG,2,False,True,True,False,False,early_adjuvant,4.0,other
NCT05069038,,Clinical Trial Assessing the Safety of Neoadjuvant Palbociclib in Combination With Endocrine Therapy,False,,ACTIVE_NOT_RECRUITING,PHASE2,INTERVENTIONAL,51,University of Nebraska,OTHER,3758,0,3,19 Years,FEMALE,1,1,"Amulya Yellala, MBBS",False,,False,Breast Cancer,DRUG,1,True,True,True,False,True,early_adjuvant,4.0,broad
NCT05524584,,"Anastrazole, Fulvestrant & Abemaciclib for HR+HER2- Metastatic Breast Cancer",False,,RECRUITING,PHASE2,INTERVENTIONAL,20,"University of California, Irvine",OTHER,7184,13,12,18 Years,ALL,1,1,"Rita Mehta, MD",False,,False,Breast Cancer|Metastatic Breast Cancer|Hormone Receptor-positive Breast Cancer|HER2-negative Breast Cancer,DRUG,3,True,True,True,True,True,mixed,4.0,demo
NCT05634889,T-REX,The T-REX Trial: Tailored Regional External Beam Radiotherapy in Clinically Node-negative Breast Cancer Patients With 1-2 Sentinel Node Macrometastases.,False,,RECRUITING,NA,INTERVENTIONAL,1350,Region Skane,OTHER,1007,0,1,18 Years,ALL,30,1,"Sara Alkner, Associate professor",False,,False,Breast Cancer,RADIATION,1,True,True,True,False,True,early_adjuvant,4.0,other
NCT05870579,,"[177Lu]Lu-NeoB in Combination With Ribociclib and Fulvestrant in Participants With ER+, HER2- and GRPR+ Advanced Breast Cancer",False,,ACTIVE_NOT_RECRUITING,PHASE1,INTERVENTIONAL,28,Novartis Pharmaceuticals,INDUSTRY,6116,9,18,18 Years,ALL,13,1,Novartis Pharmaceuticals,False,,False,Breast Cancer,DRUG|OTHER,5,True,True,True,True,True,mixed,4.0,other
NCT06107673,,Dalpiciclib Plus AI (Neoadjuvant Endocrine Therapy) Compared With Neoadjuvant Chemotherapy in Early Breast Cancer （EBC）,False,,RECRUITING,PHASE2,INTERVENTIONAL,144,Hebei Medical University Fourth Hospital,OTHER,3506,2,4,18 Years,FEMALE,1,0,,False,,False,Breast Cancer,DRUG,5,True,True,True,False,True,early_adjuvant,4.0,demo
NCT06131424,iRetroBC,NIS Study Determining Prevalence of HER2-low in Metastatic Breast Cancer Patients,False,,COMPLETED,,OBSERVATIONAL,1151,AstraZeneca,INDUSTRY,1562,0,0,18 Years,ALL,31,0,,False,,False,HER2-negative,,0,True,True,True,True,True,mixed,4.0,other
NCT06259929,Neo-AGILE,"NEOadjuvant Abemaciclib and GIredestrant TriaL in Patients with ER-positive, HER2-negative Early Breast Cancer",False,,RECRUITING,PHASE2,INTERVENTIONAL,51,Fondazione Oncotech,OTHER,7590,14,19,18 Years,FEMALE,8,1,"Michelino De Laurentiis, MD",False,,False,Breast Cancer,DRUG,1,True,True,True,False,True,early_adjuvant,4.0,demo
NCT06517212,TRIM-EBC,Tirzepatide Weight Loss for MRD+ Early Breast Cancer,False,,RECRUITING,PHASE2,INTERVENTIONAL,48,Baylor Research Institute,OTHER,6238,4,10,18 Years,ALL,1,1,"Joyce A O'Shaughnessy, MD",False,,False,Breast Cancer|Breast Neoplasms|Breast Cancers,DRUG,1,True,True,True,True,True,mixed,4.0,demo
NCT06518837,FITWISE,Tirzepatide for Weight Loss Intervention in Early-Stage Hormone Receptor Positive/HER2 Negative Breast Cancer,False,,RECRUITING,PHASE2,INTERVENTIONAL,40,"Rutgers, The State University of New Jersey",OTHER,2465,10,8,18 Years,ALL,7,1,"Coral Omene, MD., PhD",False,,False,Hormone Receptor-Positive Breast Cancer|HER2-Negative Breast Cancer,DRUG,1,True,True,True,False,True,early_adjuvant,4.0,demo
NCT06923527,,Circulating Tumor DNA,False,,RECRUITING,PHASE2,INTERVENTIONAL,50,Yale University,OTHER,5346,0,0,18 Years,ALL,7,1,"Mariya Rozenblit, MD",False,,False,ER+ Breast Cancer,DRUG,1,True,True,True,False,True,early_adjuvant,4.0,demo
NCT06930859,ELEGANCE,Non-interventional Study to Assess the Effectiveness and Safety of Ribociclib in the Adjuvant Therapy of Hormone Receptor Positive (HR+) HER2-negative Stage II and III Breast Cancer in Real Clinical Practice in Russia,False,,RECRUITING,,OBSERVATIONAL,2766,Novartis Pharmaceuticals,INDUSTRY,2069,0,0,18 Years,ALL,40,0,,False,,False,Breast Cancer,DRUG,3,True,True,True,False,True,early_adjuvant,4.0,other
NCT07347600,reaINAVO,"A Study to Evaluate the Effectiveness and Safety of Inavolisib in Participants With Endocrine-resistant, PIK3CA-mutated, Hormone Receptor-positive, HER2-negative Locally Advanced or Metastatic Breast Cancer",False,,RECRUITING,,OBSERVATIONAL,500,Hoffmann-La Roche,INDUSTRY,1344,3,3,18 Years,ALL,28,1,Clinical Trials,False,,False,Locally Advanced Breast Cancer|Metastatic Breast Cancer,DRUG,3,True,True,True,True,True,mixed,4.0,other
NCT07492394,,Dalpiciclib With or Without Entinostat and Letrozole in HR+/HER2- Early Breast Cancer,False,,RECRUITING,PHASE2,INTERVENTIONAL,60,Hebei Medical University Fourth Hospital,OTHER,3467,2,4,18 Years,FEMALE,1,1,Zhenchuan Song,False,,False,Breast Cancer,DRUG,3,True,True,True,False,True,early_adjuvant,4.0,demo
NCT07616453,TAYLOR-002,Efficacy and Safety of Culmerciclib Plus Aromatase Inhibitors in a Response-Adapted Neoadjuvant Strategy for Highly Proliferative ER-Positive/HER2-Negative Breast Cancer,False,,RECRUITING,PHASE2,INTERVENTIONAL,45,"Second Affiliated Hospital, School of Medicine, Zhejiang University",OTHER,3322,0,0,18 Years,FEMALE,1,1,Yiding Chen,False,,False,HR+/HER2- Early Breast Cancer,DRUG,2,True,True,True,False,True,early_adjuvant,4.0,demo
NCT01899079,,A Prospective Observational Study of Clinical Outcomes for the NanoString® Technologies Prosigna Gene Signature Assay,False,,COMPLETED,,OBSERVATIONAL,217,"NanoString Technologies, Inc.",INDUSTRY,1409,5,10,,FEMALE,7,1,"Miguel Martin, M.D., Ph.D.",False,,False,Breast Cancer,,0,True,True,True,False,True,early_adjuvant,3.5,other
NCT02269813,PRIMe,PRospective Study to Measure the Impact of MammaPrint on Adjuvant Treatment in Hormone Receptor-positive HER2-negative Breast Cancer Patients (PRIMe),False,,COMPLETED,,OBSERVATIONAL,452,West German Study Group,OTHER,1094,7,7,18 Years,FEMALE,3,2,"Nadia Harbeck, Prof. Dr.|Ulrike Nitz, Prof. Dr.",False,,False,Breast Cancer,OTHER,3,True,True,True,False,True,early_adjuvant,3.5,other
NCT03904173,EMIT,Establishment of Molecular Profiling for Individual Clinical Routine Treatment Decision in Early Breast Cancer,False,,ACTIVE_NOT_RECRUITING,,OBSERVATIONAL,2300,Oslo University Hospital,OTHER,1381,0,0,18 Years,ALL,5,1,"Bjørn Naume, MD PhD",False,,False,Breast Cancer|Breast Neoplasms|Hormone Receptor Positive Tumor,DIAGNOSTIC_TEST,1,True,True,True,False,True,early_adjuvant,3.5,other
NCT04460430,NEREA,Targeting EGFR/ERBB2 With Neratinib in Hormone Receptor (HR)-Positive/HER2-negative HER2-enriched Advanced/Metastatic Breast Cancer,False,,TERMINATED,PHASE2,INTERVENTIONAL,12,SOLTI Breast Cancer Research Group,OTHER,10138,23,21,18 Years,ALL,15,0,,False,,False,Breast Cancer,DRUG,1,True,True,True,True,True,mixed,3.5,broad
NCT05098210,,"Personalized Neo-Antigen Peptide Vaccine for the Treatment of Stage IIIC-IV Melanoma, Hormone Receptor Positive HER2 Negative Metastatic Refractory Breast Cancer or Stage III-IV Non-Small Cell Lung Cancer",False,,RECRUITING,PHASE1,INTERVENTIONAL,25,Fred Hutchinson Cancer Center,OTHER,15025,38,24,18 Years,ALL,1,1,Joshua Veatch,False,,False,Anatomic Stage IV Breast Cancer AJCC v8|Clinical Stage IV Cutaneous Melanoma AJCC v8|Locally Advanced Cutaneous Melanoma|Locally Advanced Mucosal Melanoma|Metastatic Acral Melanoma|Metastatic Conjunctival Melanoma|Metastatic Cutaneous Melanoma|Metastatic HER2-Negative Breast Carcinoma|Metastatic Hormone Receptor-Positive Breast Carcinoma|Metastatic Lung Non-Small Cell Carcinoma|Metastatic Malignant Solid Neoplasm|Metastatic Mucosal Melanoma|Pathologic Stage IIIC Cutaneous Melanoma AJCC v8|Pathologic Stage IIID Cutaneous Melanoma AJCC v8|Recurrent Cutaneous Melanoma|Recurrent HER2-Negative Breast Carcinoma|Recurrent Hormone Receptor-Positive Breast Carcinoma|Recurrent Lung Non-Small Cell Carcinoma|Recurrent Mucosal Melanoma|Stage III Lung Cancer AJCC v8|Stage IV Lung Cancer AJCC v8|Unresectable Acral Melanoma|Unresectable Cutaneous Melanoma|Unresectable Lung Non-Small Cell Carcinoma|Unresectable Mucosal Melanoma,BIOLOGICAL|DRUG|PROCEDURE,9,True,True,True,True,True,mixed,3.5,other
NCT05878314,,"Impact of Endocrine Therapy, Menstrual Cycle, PAM50, Ki67 on Treatment Decisions in HR+ and HER2- Breast Cancer",False,,RECRUITING,,OBSERVATIONAL,504,University Hospital Tuebingen,OTHER,1307,9,12,18 Years,FEMALE,1,1,"Dominik Dannehl, Dr.",False,,False,Hormone Receptor Positive HER-2 Negative Breast Cancer,,0,True,True,True,False,True,early_adjuvant,3.5,other
NCT05982093,SOLTI-2104,Elacestrant With/Without Triptorelin in Premenopausal Women With Luminal Breast Cancer,False,,RECRUITING,PHASE2,INTERVENTIONAL,96,SOLTI Breast Cancer Research Group,OTHER,10626,9,22,35 Years,FEMALE,15,0,,False,,False,Breast Cancer|HER2-negative Breast Cancer|Hormone Receptor Positive Tumor|Premenopausal Breast Cancer,DRUG,3,True,True,True,False,True,early_adjuvant,3.5,demo
NCT06050109,,The Benefits of Continued Use of Ovarian Function Suppression After 5 Years,False,,RECRUITING,,OBSERVATIONAL,1200,"Hongmei Zheng, PhD",OTHER,752,7,5,18 Years,FEMALE,1,1,"Hongmei Zheng, Doctor",False,,False,Breast Cancer Female|Endocrine Therapy,DIAGNOSTIC_TEST|DRUG,2,False,True,True,False,False,early_adjuvant,3.5,other
NCT06106477,,Impact of Intermittent Fasting on Biomarkers of Inflammation and Health-Related Quality of Life: A Feasibility Trial for Women With HR+/HER2- Early Breast Cancer,False,,RECRUITING,NA,INTERVENTIONAL,20,Medical College of Wisconsin,OTHER,5824,5,5,18 Years,ALL,1,1,"Sailaja Kamaraju, MD",False,,False,Breast Cancer,BEHAVIORAL,1,True,True,True,False,True,early_adjuvant,3.5,other
NCT06126003,,"Gut and Tumor Microbiome in Patients With Early Stage (II-III), Locally Advanced or Advanced ER-positive and HER2-negative Breast Cancer.",False,,TERMINATED,,OBSERVATIONAL,2,BioCorteX Inc,INDUSTRY,1894,0,1,18 Years,FEMALE,6,1,"Nik Sharma, PhD",False,,False,Breast Cancer,OTHER,1,True,True,False,False,False,unspecified,3.5,other
NCT06139107,,RADIANT: Pre-op Radiation With Abemaciclib and Letrozole,False,,RECRUITING,PHASE1,INTERVENTIONAL,15,"Mridula George, MD",OTHER,2857,11,17,60 Years,FEMALE,4,1,"Mridula A George, MD",False,,False,Breast Cancer,DRUG,2,True,True,False,False,False,unspecified,3.5,other
NCT06222957,HEAT,The Effects of HER2 Receptor Signaling on Human Brown Fat Activity,False,,RECRUITING,,OBSERVATIONAL,30,"Rigshospitalet, Denmark",OTHER,1574,10,10,18 Years,FEMALE,1,1,"Søren Nielsen, MSc., Ph.D.",False,,False,Breast Cancer,OTHER,1,True,True,False,False,False,unspecified,3.5,other
NCT06363812,,Probability of OncotypeDx to Reallocate As Low or High Risk of Recurrence Breast Cancer Patients with Uncertain Biology,False,,COMPLETED,,OBSERVATIONAL,258,Fondazione Sandro Pitigliani,OTHER,726,4,5,18 Years,ALL,1,1,"Laura Biganzoli, MD",False,,False,Breast Cancer,,0,True,True,True,False,True,early_adjuvant,3.5,other
NCT06534125,,Acutherapy to Prevent Aromatase Inhibitor-Associated Arthralgias in Non-Hispanic Black Postmenopausal Women With Early-Stage Breast Cancer,False,,RECRUITING,NA,INTERVENTIONAL,150,Emory University,OTHER,1029,6,8,18 Years,FEMALE,4,1,"Demetria Smith-Graziani, MD,MPH",False,,False,Anatomic Stage I Breast Cancer AJCC v8|Anatomic Stage II Breast Cancer AJCC v8|Anatomic Stage III Breast Cancer AJCC v8|HER2-Negative Breast Carcinoma|Hormone Receptor-Positive Breast Carcinoma,DEVICE|DRUG|OTHER|PROCEDURE,5,True,True,True,False,True,early_adjuvant,3.5,other
NCT06650423,ONCO-Adher,Adherence to Aromatase Inhibitors ± Abemaciclib Treatment in Patients With Early-stage HER2-negative Breast Cancer,False,,RECRUITING,,OBSERVATIONAL,319,Institute of Oncology Ljubljana,OTHER,741,7,2,18 Years,FEMALE,1,1,"Erika Matos, PhD",False,,False,Early Breast Cancer|Hormone Receptor Positive Tumor|HER2-negative Breast Cancer,,0,True,True,True,False,True,early_adjuvant,3.5,other
NCT06676436,REALNESS,Observational Study on the Treatment of Patients With Metastatic Breast Cancer,False,,COMPLETED,,OBSERVATIONAL,204,AstraZeneca,INDUSTRY,1882,7,2,18 Years,FEMALE,4,0,,False,,False,Cancer,,0,True,True,False,True,False,metastatic,3.5,other
NCT06705504,,A Real-world Study of Effectiveness and Safety in HR+/HER2- Breast Cancer Patients Treated With Ribociclib or Alpelisib,False,,COMPLETED,,OBSERVATIONAL,435,Novartis,INDUSTRY,1249,2,5,18 Years,ALL,1,1,Novartis Pharmaceuticals,False,,False,Hormone Receptor Positive HER-2 Negative Breast Cancer,,0,True,True,False,True,False,metastatic,3.5,other
NCT07054190,,"A Study to Test Inavolisib Treatments in Participants With Early-Stage, PIK3CA-Mutated Breast Cancer",False,,RECRUITING,PHASE2,INTERVENTIONAL,60,Hoffmann-La Roche,INDUSTRY,1385,7,6,18 Years,FEMALE,33,1,Clinical Trials,False,,False,Breast Cancer,DRUG,3,True,True,True,False,True,early_adjuvant,3.5,demo
NCT07151911,ROYAL,Real wOrld studY in the Adjuvant Setting for High Risk earLy Breast Cancer Patients,False,,RECRUITING,,OBSERVATIONAL,100,Azienda Ospedaliero-Universitaria di Modena,OTHER,2557,19,3,18 Years,ALL,1,0,,False,,False,Breast Cancer,DRUG,1,True,True,True,False,True,early_adjuvant,3.5,other
NCT07218432,,A Study of the TheraBionic P1 Device in Breast Cancer,False,,RECRUITING,NA,INTERVENTIONAL,24,Barbara Ann Karmanos Cancer Institute,OTHER,2794,8,8,22 Years,FEMALE,8,1,"Lubina Arjyal, M.D.",False,,False,Breast Cancer Stage I|Breast Cancer Stage II|Breast Cancer Stage IIIA|Hormone Receptor Positive Tumor|HER2-negative Breast Cancer,DEVICE,1,True,True,True,False,True,early_adjuvant,3.5,other
NCT07484087,,Ablation Compare With Surgery for Early Breast Cancer,False,,RECRUITING,NA,INTERVENTIONAL,264,Peking University People's Hospital,OTHER,1453,1,1,50 Years,FEMALE,1,1,"shu wang, doctor",False,,False,Breast Cancer|Early Stage|Hormone Receptor Positive|Ablation,PROCEDURE,2,True,True,True,False,True,early_adjuvant,3.5,other
NCT07541703,,"Independent, External, Blinded Retrospective Validation of an AI-based Prognostic Assay in ER-Positive/HER2-Negative Early Breast Cancer",False,,ACTIVE_NOT_RECRUITING,,OBSERVATIONAL,2200,Spotlight Medical,INDUSTRY,733,5,3,18 Years,FEMALE,1,2,"Michael Gnant, Univ.-Prof. Dr.|Martin Filipits, Assoc.Prof.Univ.-Doz.Mag.Dr.",False,,False,Breast Cancer|Early Breast Cancer|ER-Positive HER2-Negative Breast Cancer,DIAGNOSTIC_TEST,1,True,True,True,False,True,early_adjuvant,3.5,other
NCT04113863,ATRA,Evaluation of ATRA Activity in Combination With Anastrozole in Pre-operative Phase of Operable Early Breast Cancer,False,,TERMINATED,PHASE2,INTERVENTIONAL,76,Mario Negri Institute for Pharmacological Research,OTHER,1734,2,0,18 Years,FEMALE,2,0,,False,,False,Breast Neoplasm Female,DRUG,2,True,True,True,False,True,early_adjuvant,3.0,broad
NCT05150652,,"Neoadjuvant Endocrine Therapy in ER-positive, HER2-negative Early Stage Breast Cancer",False,,ACTIVE_NOT_RECRUITING,PHASE2,INTERVENTIONAL,8,Irada Ibrahim-zada,OTHER,847,5,7,18 Years,FEMALE,1,1,"Irada Ibrahim-zada, MD",False,,False,Breast Cancer|HER2-negative Breast Cancer|Node-negative Breast Cancer|Breast Carcinoma,DRUG,4,True,True,True,False,True,early_adjuvant,3.0,broad
NCT06341894,,Efficacy and Safety of Dalpiciclib With Endocrine Therapy as Adjuvant Treatment in HR+/ HER2- Early Breast Cancer,False,,RECRUITING,PHASE2,INTERVENTIONAL,1163,The First Affiliated Hospital with Nanjing Medical University,OTHER,1294,7,6,18 Years,FEMALE,1,0,,False,,False,Early Breast Cancer,DRUG,2,True,True,True,False,True,early_adjuvant,3.0,demo
NCT06874933,,Neoadjuvant Chemotherapy in Combination With Anlotinib and Benmelstobart for HR+/HER2- Breast Cancer (NEOTORCH-BREAST03),False,,RECRUITING,PHASE2,INTERVENTIONAL,35,First Affiliated Hospital of Zhejiang University,OTHER,4900,0,3,18 Years,FEMALE,3,0,,False,,False,HR+/HER2- Breast Cancer,DRUG,1,True,True,True,False,True,early_adjuvant,3.0,demo
NCT06914440,,Neoadjuvant SBRT Followed by Nab-Paclitaxel Combined With Toripalimab in HR+/HER2- Breast Cancer,False,,RECRUITING,PHASE2,INTERVENTIONAL,27,Xijing Hospital,OTHER,5206,0,5,18 Years,FEMALE,2,0,,False,,False,Breast Cancer,DRUG|PROCEDURE|RADIATION,7,True,True,True,False,True,early_adjuvant,3.0,demo
NCT07380646,,the Efficacy of Leucogen in Preventing the Risk of Ribociclib-Associated Neutropenia in Early Breast Cancer,False,,RECRUITING,PHASE2,INTERVENTIONAL,94,"Second Affiliated Hospital, School of Medicine, Zhejiang University",OTHER,9989,9,11,18 Years,ALL,1,0,,False,,False,Leucogen|Ribociclib|Neutropenia (Low White Blood Cell Count)|Breast Cancer,DRUG,1,True,True,True,False,True,early_adjuvant,3.0,demo
NCT07389408,PRELUDE,"A Prospective, Multicenter Registry to Observe the Treatment Patterns, Clinical Outcomes, and Decision-Making in Patients With Early Breast Cancer Eligible for EndoPredict® Testing",False,,RECRUITING,,OBSERVATIONAL,2000,National and Kapodistrian University of Athens,OTHER,630,7,3,18 Years,ALL,13,0,,False,,False,Breast Cancer|Breast Adenocarcinoma,,0,True,True,True,False,True,early_adjuvant,3.0,other
NCT07631052,,Capecitabine in ER+/HER2-negative Breast Cancer,False,,RECRUITING,PHASE2,INTERVENTIONAL,15,"University Health Network, Toronto",OTHER,3951,18,7,18 Years,ALL,1,0,,False,,False,"ER-positive, HER2-negative Breast Cancer|Breast Cancer Stage I|Breast Cancer Stage II|Breast Cancer Stage III",DRUG,1,True,True,True,False,True,early_adjuvant,3.0,demo
NCT07647016,,Trastuzumab Deruxtecan Plus ivonescImab for Hormone Receptor-positive HER2 Negative Advanced Breast Cancer Study,False,,RECRUITING,PHASE2,INTERVENTIONAL,53,Fudan University,OTHER,6546,8,11,18 Years,ALL,1,0,,False,,False,Breast Cancer,DRUG,1,True,True,True,True,True,mixed,3.0,demo
NCT02823262,,A Breast Cancer Treatment Decision Aid for Women Aged 70 and Older,False,,TERMINATED,NA,INTERVENTIONAL,65,Beth Israel Deaconess Medical Center,OTHER,1494,8,14,70 Years,FEMALE,2,1,"Mara Schonberg, MD MPH",False,,False,Breast Cancer|Estrogen Receptor Positive Breast Cancer|Node-negative Breast Cancer|Human Epidermal Growth Factor 2 Negative Carcinoma of Breast,OTHER,2,True,True,False,False,False,unspecified,2.5,other
NCT03860740,EFIK,Effect of Physical Exercise on Tumor Proliferation of Luminal B Breast Cancer Patients,False,,COMPLETED,,OBSERVATIONAL,12,Spanish Breast Cancer Research Group,OTHER,1449,8,5,18 Years,FEMALE,1,2,Study Director|Study Director,False,,False,Breast Cancer|Luminal B,OTHER,2,True,True,True,False,True,early_adjuvant,2.5,other
NCT03961880,,Impact of Recurrence Score on Adjuvant Treatment Decisions in Breast Cancer Patients,False,,COMPLETED,,OBSERVATIONAL,270,University Hospital Tuebingen,OTHER,852,6,10,18 Years,FEMALE,1,0,,False,,False,Breast Cancer Female,,0,False,True,True,False,False,early_adjuvant,2.5,other
NCT04130152,PROMETEO II,Palbociclib Plus Letrozole in Hormone Receptor Positive Residual Disease After Neoadjuvant Chemotherapy,False,,COMPLETED,EARLY_PHASE1,INTERVENTIONAL,22,SOLTI Breast Cancer Research Group,OTHER,7066,19,7,18 Years,FEMALE,8,0,,False,,False,Breast Cancer,DRUG,2,True,True,True,False,True,early_adjuvant,2.5,other
NCT04142892,ONAWA,Onapristone as Preoperative Treatment for Postmenopausal Women With Hormone Receptor + and HER2- Breast Cancer,False,,COMPLETED,EARLY_PHASE1,INTERVENTIONAL,10,SOLTI Breast Cancer Research Group,OTHER,7287,0,13,18 Years,FEMALE,4,0,,False,,False,Breast Cancer,DRUG,1,True,True,True,False,True,early_adjuvant,2.5,other
NCT04797728,ELIPSE,"Elacestrant in Preoperative Setting, a Window of Opportunity Study",False,,COMPLETED,EARLY_PHASE1,INTERVENTIONAL,23,SOLTI Breast Cancer Research Group,OTHER,7440,0,14,18 Years,FEMALE,4,0,,False,,False,Breast Cancer|Hormone Receptor Positive Breast Carcinoma,DRUG,1,True,True,True,False,True,early_adjuvant,2.5,other
NCT05333328,INTERSTELLAR,OFS in Premenopausal Node+ Breast Cancer With Low Genomic Risk,False,,RECRUITING,PHASE4,INTERVENTIONAL,418,Gangnam Severance Hospital,OTHER,234,5,2,20 Years,FEMALE,2,1,"Sung Gwe Ahn, M.D.,Ph.D.",False,,False,Breast Cancer|Estrogen Receptor Positive Tumor|HER2-negative Breast Cancer|Premenopausal Breast Cancer|Node-positive Breast Cancer,DRUG,1,True,True,True,False,True,early_adjuvant,2.5,other
NCT05736367,,Investigating the Metabolic Pathways in Hormone Receptor Positive/HER2 Negative Breast Cancer,False,,RECRUITING,NA,INTERVENTIONAL,16,"Rutgers, The State University of New Jersey",OTHER,1186,4,4,18 Years,ALL,2,1,"Coral Omene, MD, PhD",False,,False,Breast Cancer,DRUG,1,True,True,False,False,False,unspecified,2.5,other
NCT06484725,OnBRA,Oncotype DX in BRCA-mutated Breast Cancer Patients: Our Experience. A Retrospective Observational Monocentric Study,False,,COMPLETED,,OBSERVATIONAL,250,IRCCS San Raffaele,OTHER,411,3,4,18 Years,FEMALE,1,1,Oreste Davide Gentilini,False,,False,Breast Cancer|Genetic Predisposition,GENETIC,1,True,True,False,False,False,unspecified,2.5,other
NCT06856200,,A Study of Sirolimus (Albumin-Bound) in Combination With Palbociclib and Fulvestrant for the Treatment of Advanced Breast Cancer,False,,RECRUITING,NA,INTERVENTIONAL,36,Fudan University,OTHER,4189,9,9,18 Years,ALL,1,0,,False,,False,"Advanced HR - Positive, HER2 - Negative Breast Cancer|Resistant to (Neo)Adjuvant Endocrine Therapy",DRUG,3,False,True,True,True,False,mixed,2.5,other
NCT07052734,BC-MRS-01,Miti-gene Recurrence Score in HR+/HER2- Chinese Breast Cancer Patients,False,,COMPLETED,,OBSERVATIONAL,2843,Sun Yat-sen University,OTHER,934,0,0,18 Years,ALL,1,0,,False,,False,Breast Cancer,,0,True,True,True,False,True,early_adjuvant,2.5,other
NCT03841266,,Recurrence Risk Evaluation by 21-gene Detection,False,,COMPLETED,,OBSERVATIONAL,220,Xijing Hospital,OTHER,388,0,0,18 Years,FEMALE,1,0,,False,,False,Relationship and Consistency Analysis,DIAGNOSTIC_TEST,1,True,True,True,False,True,early_adjuvant,1.5,other
NCT05488145,,A Feasibility Trial of a Web Based App Intervention in Hormone Positive Breast Cancer Patients to Improve Adherence to Endocrine Therapy,False,,TERMINATED,NA,INTERVENTIONAL,21,Emory University,OTHER,453,5,1,18 Years,ALL,4,1,"Jane L. Meisel, MD",False,,False,Anatomic Stage I Breast Cancer AJCC v8|Anatomic Stage II Breast Cancer AJCC v8|HER2-Negative Breast Carcinoma|Hormone Receptor-Positive Breast Carcinoma,OTHER,4,True,True,True,False,True,early_adjuvant,1.5,other
NCT07379918,SiMoSein,Real-life Evaluation of Endopredict® in Early HR+/HER2- Breast Cancer,False,,RECRUITING,,OBSERVATIONAL,1000,Assistance Publique - Hôpitaux de Paris,OTHER,358,1,1,18 Years,FEMALE,1,0,,False,,False,Breast Cancer (Early Breast Cancer)|Breast Cancer Survivors|Breast Cancer Prognostic|Early Hormone Receptor-positive (HR-positive)|HER2-negative Breast Cancer,OTHER,1,True,True,True,False,True,early_adjuvant,1.5,other
